INSTANCE_ID,MEDIAN_MEASURED_RUNLENGTH,MEDIAN_MEASURED_RUNTIME,MEDIAN_COMPUTED_RUNTIME,capped,Solution,NOISE,RANDOM_WALK_PROB,nvars,nclauses,vars_clauses_ratio,VCG_VAR_min,VCG_VAR_max,VCG_VAR_entropy,VCG_CLAUSE_mean,VCG_CLAUSE_coeff_variation,VCG_CLAUSE_max,VCG_CLAUSE_entropy,POSNEG_RATIO_CLAUSE_mean,POSNEG_RATIO_VAR_stdev,POSNEG_RATIO_VAR_max,BINARY_PLUS,TRINARY_PLUS,HORNY_VAR_coeff_variation,HORNY_VAR_min,HORNY_VAR_max,HORNY_VAR_entropy,horn_clauses_fraction,VG_mean,VG_coeff_variation,VG_min,vars_reduced_depth_4,vars_reduced_depth_16,vars_reduced_depth_64,saps_BestSolution_Mean,saps_BestSolution_CoeffVariance,saps_BestStep_Mean,saps_BestStep_CoeffVariance,saps_AvgImproveToBest_Mean,saps_AvgImproveToBest_CoeffVariance,saps_FirstLMRatio_Mean,saps_FirstLMRatio_CoeffVariance,saps_BestCV_Mean,gsat_BestSolution_Mean,gsat_BestSolution_CoeffVariance,gsat_BestStep_Mean,gsat_BestStep_CoeffVariance,gsat_AvgImproveToBest_CoeffVariance,gsat_BestCV_Mean,lobjois_mean_depth_over_vars,lobjois_log_num_nodes_over_vars
5151975,161818,0.105,0.101175,0,1,10.0000,0.010000,500,2000,0.25,0.0015,0.0115,2.63714851,0.006,0,0.006,0,0.490666667,0.192278791,1,0,1,0.436969918,0,0.008,2.30583528,0.4865,0.01171,0.288837927,0.003,0,0.008,0.26,11.164,0.400159598,282.9656,0.229728342,0.884182136,0.216073447,0.855295725,0.0344238362,0.387800131,10.0137,0.320287584,824.7528,0.339733851,0.37088914,0.407789468,0.332656133,0.614254938
5151975,132579,0.085,0.083517,0,1,20.0000,0.010000,500,2000,0.25,0.0015,0.0115,2.63714851,0.006,0,0.006,0,0.490666667,0.192278791,1,0,1,0.436969918,0,0.008,2.30583528,0.4865,0.01171,0.288837927,0.003,0,0.008,0.26,11.164,0.400159598,282.9656,0.229728342,0.884182136,0.216073447,0.855295725,0.0344238362,0.387800131,10.0137,0.320287584,824.7528,0.339733851,0.37088914,0.407789468,0.332656133,0.614254938
5151975,9891.5,0.005,0.00657872,0,1,30.0000,0.010000,500,2000,0.25,0.0015,0.0115,2.63714851,0.006,0,0.006,0,0.490666667,0.192278791,1,0,1,0.436969918,0,0.008,2.30583528,0.4865,0.01171,0.288837927,0.003,0,0.008,0.26,11.164,0.400159598,282.9656,0.229728342,0.884182136,0.216073447,0.855295725,0.0344238362,0.387800131,10.0137,0.320287584,824.7528,0.339733851,0.37088914,0.407789468,0.332656133,0.614254938
5151975,5222.5,0.005,0.00352215,0,1,40.0000,0.010000,500,2000,0.25,0.0015,0.0115,2.63714851,0.006,0,0.006,0,0.490666667,0.192278791,1,0,1,0.436969918,0,0.008,2.30583528,0.4865,0.01171,0.288837927,0.003,0,0.008,0.26,11.164,0.400159598,282.9656,0.229728342,0.884182136,0.216073447,0.855295725,0.0344238362,0.387800131,10.0137,0.320287584,824.7528,0.339733851,0.37088914,0.407789468,0.332656133,0.614254938
5151975,3294.5,0,0.00224274,0,1,50.0000,0.010000,500,2000,0.25,0.0015,0.0115,2.63714851,0.006,0,0.006,0,0.490666667,0.192278791,1,0,1,0.436969918,0,0.008,2.30583528,0.4865,0.01171,0.288837927,0.003,0,0.008,0.26,11.164,0.400159598,282.9656,0.229728342,0.884182136,0.216073447,0.855295725,0.0344238362,0.387800131,10.0137,0.320287584,824.7528,0.339733851,0.37088914,0.407789468,0.332656133,0.614254938
5151975,2741,0,0.00214415,0,1,60.0000,0.010000,500,2000,0.25,0.0015,0.0115,2.63714851,0.006,0,0.006,0,0.490666667,0.192278791,1,0,1,0.436969918,0,0.008,2.30583528,0.4865,0.01171,0.288837927,0.003,0,0.008,0.26,11.164,0.400159598,282.9656,0.229728342,0.884182136,0.216073447,0.855295725,0.0344238362,0.387800131,10.0137,0.320287584,824.7528,0.339733851,0.37088914,0.407789468,0.332656133,0.614254938
5151976,701972,0.455,0.424789,0,1,10.0000,0.010000,500,2000,0.25,0.0015,0.012,2.60986009,0.006,0,0.006,0,0.503,0.191743299,1,0,1,0.394399795,0.0005,0.007,2.26188302,0.505,0.011726,0.277088695,0.003,0,0.008,0.222,13.0879,0.359045143,281.642,0.235008716,0.883044487,0.220078409,0.853946105,0.0355736597,0.362077903,11.5064,0.286837051,828.6532,0.343059604,0.374145699,0.388103001,0.332236933,0.6042547
5151976,133802,0.085,0.0808328,0,1,20.0000,0.010000,500,2000,0.25,0.0015,0.012,2.60986009,0.006,0,0.006,0,0.503,0.191743299,1,0,1,0.394399795,0.0005,0.007,2.26188302,0.505,0.011726,0.277088695,0.003,0,0.008,0.222,13.0879,0.359045143,281.642,0.235008716,0.883044487,0.220078409,0.853946105,0.0355736597,0.362077903,11.5064,0.286837051,828.6532,0.343059604,0.374145699,0.388103001,0.332236933,0.6042547
5151976,18369.5,0.015,0.012228,0,1,30.0000,0.010000,500,2000,0.25,0.0015,0.012,2.60986009,0.006,0,0.006,0,0.503,0.191743299,1,0,1,0.394399795,0.0005,0.007,2.26188302,0.505,0.011726,0.277088695,0.003,0,0.008,0.222,13.0879,0.359045143,281.642,0.235008716,0.883044487,0.220078409,0.853946105,0.0355736597,0.362077903,11.5064,0.286837051,828.6532,0.343059604,0.374145699,0.388103001,0.332236933,0.6042547
5151976,20567.5,0.015,0.0139823,0,1,40.0000,0.010000,500,2000,0.25,0.0015,0.012,2.60986009,0.006,0,0.006,0,0.503,0.191743299,1,0,1,0.394399795,0.0005,0.007,2.26188302,0.505,0.011726,0.277088695,0.003,0,0.008,0.222,13.0879,0.359045143,281.642,0.235008716,0.883044487,0.220078409,0.853946105,0.0355736597,0.362077903,11.5064,0.286837051,828.6532,0.343059604,0.374145699,0.388103001,0.332236933,0.6042547
5151976,8594,0.005,0.00650913,0,1,50.0000,0.010000,500,2000,0.25,0.0015,0.012,2.60986009,0.006,0,0.006,0,0.503,0.191743299,1,0,1,0.394399795,0.0005,0.007,2.26188302,0.505,0.011726,0.277088695,0.003,0,0.008,0.222,13.0879,0.359045143,281.642,0.235008716,0.883044487,0.220078409,0.853946105,0.0355736597,0.362077903,11.5064,0.286837051,828.6532,0.343059604,0.374145699,0.388103001,0.332236933,0.6042547
5151976,3862,0,0.00298348,0,1,60.0000,0.010000,500,2000,0.25,0.0015,0.012,2.60986009,0.006,0,0.006,0,0.503,0.191743299,1,0,1,0.394399795,0.0005,0.007,2.26188302,0.505,0.011726,0.277088695,0.003,0,0.008,0.222,13.0879,0.359045143,281.642,0.235008716,0.883044487,0.220078409,0.853946105,0.0355736597,0.362077903,11.5064,0.286837051,828.6532,0.343059604,0.374145699,0.388103001,0.332236933,0.6042547
5151977,1.66121e+07,9.635,9.92573,0,1,10.0000,0.010000,500,2000,0.25,0.0005,0.0105,2.58742675,0.006,0,0.006,0,0.513,0.187987629,1,0,1,0.389300605,0.0005,0.0075,2.22209371,0.492,0.011714,0.273979263,0.001,0,0,0.13,13.5846,0.350644987,284.1348,0.228831278,0.871632511,0.213929196,0.848382912,0.0367513675,0.36141544,11.4661,0.298757536,842.061,0.343501556,0.369969263,0.394802684,0.331205,0.599425535
5151977,210148,0.125,0.134882,0,1,20.0000,0.010000,500,2000,0.25,0.0005,0.0105,2.58742675,0.006,0,0.006,0,0.513,0.187987629,1,0,1,0.389300605,0.0005,0.0075,2.22209371,0.492,0.011714,0.273979263,0.001,0,0,0.13,13.5846,0.350644987,284.1348,0.228831278,0.871632511,0.213929196,0.848382912,0.0367513675,0.36141544,11.4661,0.298757536,842.061,0.343501556,0.369969263,0.394802684,0.331205,0.599425535
5151977,29733.5,0.025,0.0186469,0,1,30.0000,0.010000,500,2000,0.25,0.0005,0.0105,2.58742675,0.006,0,0.006,0,0.513,0.187987629,1,0,1,0.389300605,0.0005,0.0075,2.22209371,0.492,0.011714,0.273979263,0.001,0,0,0.13,13.5846,0.350644987,284.1348,0.228831278,0.871632511,0.213929196,0.848382912,0.0367513675,0.36141544,11.4661,0.298757536,842.061,0.343501556,0.369969263,0.394802684,0.331205,0.599425535
5151977,13015,0.015,0.0092065,0,1,40.0000,0.010000,500,2000,0.25,0.0005,0.0105,2.58742675,0.006,0,0.006,0,0.513,0.187987629,1,0,1,0.389300605,0.0005,0.0075,2.22209371,0.492,0.011714,0.273979263,0.001,0,0,0.13,13.5846,0.350644987,284.1348,0.228831278,0.871632511,0.213929196,0.848382912,0.0367513675,0.36141544,11.4661,0.298757536,842.061,0.343501556,0.369969263,0.394802684,0.331205,0.599425535
5151977,9735,0.01,0.00717688,0,1,50.0000,0.010000,500,2000,0.25,0.0005,0.0105,2.58742675,0.006,0,0.006,0,0.513,0.187987629,1,0,1,0.389300605,0.0005,0.0075,2.22209371,0.492,0.011714,0.273979263,0.001,0,0,0.13,13.5846,0.350644987,284.1348,0.228831278,0.871632511,0.213929196,0.848382912,0.0367513675,0.36141544,11.4661,0.298757536,842.061,0.343501556,0.369969263,0.394802684,0.331205,0.599425535
5151977,7422.5,0.01,0.00536196,0,1,60.0000,0.010000,500,2000,0.25,0.0005,0.0105,2.58742675,0.006,0,0.006,0,0.513,0.187987629,1,0,1,0.389300605,0.0005,0.0075,2.22209371,0.492,0.011714,0.273979263,0.001,0,0,0.13,13.5846,0.350644987,284.1348,0.228831278,0.871632511,0.213929196,0.848382912,0.0367513675,0.36141544,11.4661,0.298757536,842.061,0.343501556,0.369969263,0.394802684,0.331205,0.599425535
5151978,127049,0.075,0.0714127,0,1,10.0000,0.010000,500,2000,0.25,0.002,0.0115,2.61964918,0.006,0,0.006,0,0.493666667,0.189330456,1,0,1,0.407820384,0.0005,0.007,2.28634625,0.502,0.011726,0.279206617,0.004,0,0.014,0.218,11.0483,0.410707837,284.4389,0.233094523,0.882241519,0.218470604,0.856051118,0.0344568232,0.389354513,9.9668,0.320216944,817.3123,0.343268306,0.370168391,0.407951947,0.340400933,0.600904952
5151978,48947.5,0.035,0.031734,0,1,20.0000,0.010000,500,2000,0.25,0.002,0.0115,2.61964918,0.006,0,0.006,0,0.493666667,0.189330456,1,0,1,0.407820384,0.0005,0.007,2.28634625,0.502,0.011726,0.279206617,0.004,0,0.014,0.218,11.0483,0.410707837,284.4389,0.233094523,0.882241519,0.218470604,0.856051118,0.0344568232,0.389354513,9.9668,0.320216944,817.3123,0.343268306,0.370168391,0.407951947,0.340400933,0.600904952
5151978,13752,0.01,0.00879642,0,1,30.0000,0.010000,500,2000,0.25,0.002,0.0115,2.61964918,0.006,0,0.006,0,0.493666667,0.189330456,1,0,1,0.407820384,0.0005,0.007,2.28634625,0.502,0.011726,0.279206617,0.004,0,0.014,0.218,11.0483,0.410707837,284.4389,0.233094523,0.882241519,0.218470604,0.856051118,0.0344568232,0.389354513,9.9668,0.320216944,817.3123,0.343268306,0.370168391,0.407951947,0.340400933,0.600904952
5151978,8397.5,0.005,0.00606003,0,1,40.0000,0.010000,500,2000,0.25,0.002,0.0115,2.61964918,0.006,0,0.006,0,0.493666667,0.189330456,1,0,1,0.407820384,0.0005,0.007,2.28634625,0.502,0.011726,0.279206617,0.004,0,0.014,0.218,11.0483,0.410707837,284.4389,0.233094523,0.882241519,0.218470604,0.856051118,0.0344568232,0.389354513,9.9668,0.320216944,817.3123,0.343268306,0.370168391,0.407951947,0.340400933,0.600904952
5151978,2625,0,0.00197811,0,1,50.0000,0.010000,500,2000,0.25,0.002,0.0115,2.61964918,0.006,0,0.006,0,0.493666667,0.189330456,1,0,1,0.407820384,0.0005,0.007,2.28634625,0.502,0.011726,0.279206617,0.004,0,0.014,0.218,11.0483,0.410707837,284.4389,0.233094523,0.882241519,0.218470604,0.856051118,0.0344568232,0.389354513,9.9668,0.320216944,817.3123,0.343268306,0.370168391,0.407951947,0.340400933,0.600904952
5151978,3267.5,0,0.00246381,0,1,60.0000,0.010000,500,2000,0.25,0.002,0.0115,2.61964918,0.006,0,0.006,0,0.493666667,0.189330456,1,0,1,0.407820384,0.0005,0.007,2.28634625,0.502,0.011726,0.279206617,0.004,0,0.014,0.218,11.0483,0.410707837,284.4389,0.233094523,0.882241519,0.218470604,0.856051118,0.0344568232,0.389354513,9.9668,0.320216944,817.3123,0.343268306,0.370168391,0.407951947,0.340400933,0.600904952
5151979,491004,0.31,0.301769,0,1,10.0000,0.010000,500,2000,0.25,0.0015,0.0115,2.58998771,0.006,0,0.006,0,0.505666667,0.194416913,1,0,1,0.393870239,0,0.0075,2.30331537,0.5215,0.0117,0.272527637,0.003,0,0.004,0.302,11.7613,0.388981946,286.331,0.225578683,0.870519357,0.213963174,0.850870783,0.0359465128,0.383652083,10.2702,0.316688369,833.3812,0.343220486,0.370154866,0.409300554,0.3346338,0.69425465
5151979,96629,0.065,0.0627579,0,1,20.0000,0.010000,500,2000,0.25,0.0015,0.0115,2.58998771,0.006,0,0.006,0,0.505666667,0.194416913,1,0,1,0.393870239,0,0.0075,2.30331537,0.5215,0.0117,0.272527637,0.003,0,0.004,0.302,11.7613,0.388981946,286.331,0.225578683,0.870519357,0.213963174,0.850870783,0.0359465128,0.383652083,10.2702,0.316688369,833.3812,0.343220486,0.370154866,0.409300554,0.3346338,0.69425465
5151979,12073.5,0.01,0.00793636,0,1,30.0000,0.010000,500,2000,0.25,0.0015,0.0115,2.58998771,0.006,0,0.006,0,0.505666667,0.194416913,1,0,1,0.393870239,0,0.0075,2.30331537,0.5215,0.0117,0.272527637,0.003,0,0.004,0.302,11.7613,0.388981946,286.331,0.225578683,0.870519357,0.213963174,0.850870783,0.0359465128,0.383652083,10.2702,0.316688369,833.3812,0.343220486,0.370154866,0.409300554,0.3346338,0.69425465
5151979,19287,0.01,0.013044,0,1,40.0000,0.010000,500,2000,0.25,0.0015,0.0115,2.58998771,0.006,0,0.006,0,0.505666667,0.194416913,1,0,1,0.393870239,0,0.0075,2.30331537,0.5215,0.0117,0.272527637,0.003,0,0.004,0.302,11.7613,0.388981946,286.331,0.225578683,0.870519357,0.213963174,0.850870783,0.0359465128,0.383652083,10.2702,0.316688369,833.3812,0.343220486,0.370154866,0.409300554,0.3346338,0.69425465
5151979,4833,0.005,0.00362207,0,1,50.0000,0.010000,500,2000,0.25,0.0015,0.0115,2.58998771,0.006,0,0.006,0,0.505666667,0.194416913,1,0,1,0.393870239,0,0.0075,2.30331537,0.5215,0.0117,0.272527637,0.003,0,0.004,0.302,11.7613,0.388981946,286.331,0.225578683,0.870519357,0.213963174,0.850870783,0.0359465128,0.383652083,10.2702,0.316688369,833.3812,0.343220486,0.370154866,0.409300554,0.3346338,0.69425465
5151979,4368.5,0.005,0.00340656,0,1,60.0000,0.010000,500,2000,0.25,0.0015,0.0115,2.58998771,0.006,0,0.006,0,0.505666667,0.194416913,1,0,1,0.393870239,0,0.0075,2.30331537,0.5215,0.0117,0.272527637,0.003,0,0.004,0.302,11.7613,0.388981946,286.331,0.225578683,0.870519357,0.213963174,0.850870783,0.0359465128,0.383652083,10.2702,0.316688369,833.3812,0.343220486,0.370154866,0.409300554,0.3346338,0.69425465
5151980,2.64552e+06,1.56,1.72515,0,1,10.0000,0.010000,500,2000,0.25,0.0015,0.012,2.62480076,0.006,0,0.006,0,0.516666667,0.187716426,1,0,1,0.399704033,0,0.008,2.23811592,0.4875,0.011742,0.281885513,0.003,0,0.004,0.318,13.2079,0.355630775,279.7913,0.232758327,0.887032432,0.216387939,0.853891742,0.0352257564,0.36039581,11.3089,0.298495087,825.1576,0.347347395,0.375709858,0.391872513,0.336435467,0.584911659
5151980,134035,0.085,0.0798108,0,1,20.0000,0.010000,500,2000,0.25,0.0015,0.012,2.62480076,0.006,0,0.006,0,0.516666667,0.187716426,1,0,1,0.399704033,0,0.008,2.23811592,0.4875,0.011742,0.281885513,0.003,0,0.004,0.318,13.2079,0.355630775,279.7913,0.232758327,0.887032432,0.216387939,0.853891742,0.0352257564,0.36039581,11.3089,0.298495087,825.1576,0.347347395,0.375709858,0.391872513,0.336435467,0.584911659
5151980,37850.5,0.025,0.0245232,0,1,30.0000,0.010000,500,2000,0.25,0.0015,0.012,2.62480076,0.006,0,0.006,0,0.516666667,0.187716426,1,0,1,0.399704033,0,0.008,2.23811592,0.4875,0.011742,0.281885513,0.003,0,0.004,0.318,13.2079,0.355630775,279.7913,0.232758327,0.887032432,0.216387939,0.853891742,0.0352257564,0.36039581,11.3089,0.298495087,825.1576,0.347347395,0.375709858,0.391872513,0.336435467,0.584911659
5151980,9392.5,0.01,0.00642992,0,1,40.0000,0.010000,500,2000,0.25,0.0015,0.012,2.62480076,0.006,0,0.006,0,0.516666667,0.187716426,1,0,1,0.399704033,0,0.008,2.23811592,0.4875,0.011742,0.281885513,0.003,0,0.004,0.318,13.2079,0.355630775,279.7913,0.232758327,0.887032432,0.216387939,0.853891742,0.0352257564,0.36039581,11.3089,0.298495087,825.1576,0.347347395,0.375709858,0.391872513,0.336435467,0.584911659
5151980,7553,0,0.00566354,0,1,50.0000,0.010000,500,2000,0.25,0.0015,0.012,2.62480076,0.006,0,0.006,0,0.516666667,0.187716426,1,0,1,0.399704033,0,0.008,2.23811592,0.4875,0.011742,0.281885513,0.003,0,0.004,0.318,13.2079,0.355630775,279.7913,0.232758327,0.887032432,0.216387939,0.853891742,0.0352257564,0.36039581,11.3089,0.298495087,825.1576,0.347347395,0.375709858,0.391872513,0.336435467,0.584911659
5151980,5091.5,0,0.00393336,0,1,60.0000,0.010000,500,2000,0.25,0.0015,0.012,2.62480076,0.006,0,0.006,0,0.516666667,0.187716426,1,0,1,0.399704033,0,0.008,2.23811592,0.4875,0.011742,0.281885513,0.003,0,0.004,0.318,13.2079,0.355630775,279.7913,0.232758327,0.887032432,0.216387939,0.853891742,0.0352257564,0.36039581,11.3089,0.298495087,825.1576,0.347347395,0.375709858,0.391872513,0.336435467,0.584911659
5151981,1.22229e+06,0.79,0.695715,0,1,10.0000,0.010000,500,2000,0.25,0.0015,0.0125,2.64518519,0.006,0,0.006,0,0.49,0.185878585,1,0,1,0.407455443,0,0.0065,2.2841463,0.4975,0.011688,0.284235651,0.003,0,0.004,0.174,11.8962,0.405822748,287.9383,0.2336265,0.867716827,0.218423644,0.848916666,0.0366477237,0.384054795,10.7233,0.318204183,834.3201,0.343166076,0.372096439,0.403196413,0.3266614,0.590299659
5151981,39692.5,0.03,0.0254245,0,1,20.0000,0.010000,500,2000,0.25,0.0015,0.0125,2.64518519,0.006,0,0.006,0,0.49,0.185878585,1,0,1,0.407455443,0,0.0065,2.2841463,0.4975,0.011688,0.284235651,0.003,0,0.004,0.174,11.8962,0.405822748,287.9383,0.2336265,0.867716827,0.218423644,0.848916666,0.0366477237,0.384054795,10.7233,0.318204183,834.3201,0.343166076,0.372096439,0.403196413,0.3266614,0.590299659
5151981,9974.5,0.005,0.00639564,0,1,30.0000,0.010000,500,2000,0.25,0.0015,0.0125,2.64518519,0.006,0,0.006,0,0.49,0.185878585,1,0,1,0.407455443,0,0.0065,2.2841463,0.4975,0.011688,0.284235651,0.003,0,0.004,0.174,11.8962,0.405822748,287.9383,0.2336265,0.867716827,0.218423644,0.848916666,0.0366477237,0.384054795,10.7233,0.318204183,834.3201,0.343166076,0.372096439,0.403196413,0.3266614,0.590299659
5151981,3581,0.005,0.00252409,0,1,40.0000,0.010000,500,2000,0.25,0.0015,0.0125,2.64518519,0.006,0,0.006,0,0.49,0.185878585,1,0,1,0.407455443,0,0.0065,2.2841463,0.4975,0.011688,0.284235651,0.003,0,0.004,0.174,11.8962,0.405822748,287.9383,0.2336265,0.867716827,0.218423644,0.848916666,0.0366477237,0.384054795,10.7233,0.318204183,834.3201,0.343166076,0.372096439,0.403196413,0.3266614,0.590299659
5151981,3292,0,0.0024408,0,1,50.0000,0.010000,500,2000,0.25,0.0015,0.0125,2.64518519,0.006,0,0.006,0,0.49,0.185878585,1,0,1,0.407455443,0,0.0065,2.2841463,0.4975,0.011688,0.284235651,0.003,0,0.004,0.174,11.8962,0.405822748,287.9383,0.2336265,0.867716827,0.218423644,0.848916666,0.0366477237,0.384054795,10.7233,0.318204183,834.3201,0.343166076,0.372096439,0.403196413,0.3266614,0.590299659
5151981,4689.5,0,0.00364357,0,1,60.0000,0.010000,500,2000,0.25,0.0015,0.0125,2.64518519,0.006,0,0.006,0,0.49,0.185878585,1,0,1,0.407455443,0,0.0065,2.2841463,0.4975,0.011688,0.284235651,0.003,0,0.004,0.174,11.8962,0.405822748,287.9383,0.2336265,0.867716827,0.218423644,0.848916666,0.0366477237,0.384054795,10.7233,0.318204183,834.3201,0.343166076,0.372096439,0.403196413,0.3266614,0.590299659
5151982,322280,0.205,0.186472,0,1,10.0000,0.010000,500,2000,0.25,0.0015,0.014,2.66266778,0.006,0,0.006,0,0.501333333,0.190558357,1,0,1,0.435142644,0,0.008,2.30856609,0.4805,0.011746,0.293136331,0.003,0,0.012,0.288,12.4372,0.38632876,285.8575,0.236053802,0.874023773,0.219460665,0.851780485,0.0359189893,0.373616804,10.8465,0.312319927,832.9535,0.344721603,0.370720276,0.399829199,0.3333396,0.590361361
5151982,26070.5,0.015,0.016357,0,1,20.0000,0.010000,500,2000,0.25,0.0015,0.014,2.66266778,0.006,0,0.006,0,0.501333333,0.190558357,1,0,1,0.435142644,0,0.008,2.30856609,0.4805,0.011746,0.293136331,0.003,0,0.012,0.288,12.4372,0.38632876,285.8575,0.236053802,0.874023773,0.219460665,0.851780485,0.0359189893,0.373616804,10.8465,0.312319927,832.9535,0.344721603,0.370720276,0.399829199,0.3333396,0.590361361
5151982,45529,0.03,0.0290723,0,1,30.0000,0.010000,500,2000,0.25,0.0015,0.014,2.66266778,0.006,0,0.006,0,0.501333333,0.190558357,1,0,1,0.435142644,0,0.008,2.30856609,0.4805,0.011746,0.293136331,0.003,0,0.012,0.288,12.4372,0.38632876,285.8575,0.236053802,0.874023773,0.219460665,0.851780485,0.0359189893,0.373616804,10.8465,0.312319927,832.9535,0.344721603,0.370720276,0.399829199,0.3333396,0.590361361
5151982,5482.5,0,0.00379318,0,1,40.0000,0.010000,500,2000,0.25,0.0015,0.014,2.66266778,0.006,0,0.006,0,0.501333333,0.190558357,1,0,1,0.435142644,0,0.008,2.30856609,0.4805,0.011746,0.293136331,0.003,0,0.012,0.288,12.4372,0.38632876,285.8575,0.236053802,0.874023773,0.219460665,0.851780485,0.0359189893,0.373616804,10.8465,0.312319927,832.9535,0.344721603,0.370720276,0.399829199,0.3333396,0.590361361
5151982,6242.5,0.005,0.00456567,0,1,50.0000,0.010000,500,2000,0.25,0.0015,0.014,2.66266778,0.006,0,0.006,0,0.501333333,0.190558357,1,0,1,0.435142644,0,0.008,2.30856609,0.4805,0.011746,0.293136331,0.003,0,0.012,0.288,12.4372,0.38632876,285.8575,0.236053802,0.874023773,0.219460665,0.851780485,0.0359189893,0.373616804,10.8465,0.312319927,832.9535,0.344721603,0.370720276,0.399829199,0.3333396,0.590361361
5151982,4350,0,0.00349123,0,1,60.0000,0.010000,500,2000,0.25,0.0015,0.014,2.66266778,0.006,0,0.006,0,0.501333333,0.190558357,1,0,1,0.435142644,0,0.008,2.30856609,0.4805,0.011746,0.293136331,0.003,0,0.012,0.288,12.4372,0.38632876,285.8575,0.236053802,0.874023773,0.219460665,0.851780485,0.0359189893,0.373616804,10.8465,0.312319927,832.9535,0.344721603,0.370720276,0.399829199,0.3333396,0.590361361
5151983,802630,0.46,0.494273,0,1,10.0000,0.010000,500,2000,0.25,0.001,0.0115,2.60857035,0.006,0,0.006,0,0.496333333,0.193092123,1,0,1,0.402234542,0.0005,0.007,2.26231691,0.501,0.011734,0.273539363,0.002,0,0,0.13,12.4156,0.350149583,280.0022,0.227500337,0.888884989,0.211821365,0.85535225,0.0343458912,0.369445006,10.6607,0.296640961,820.6826,0.341469096,0.370885224,0.399215577,0.3366514,0.591616745
5151983,236582,0.155,0.150633,0,1,20.0000,0.010000,500,2000,0.25,0.001,0.0115,2.60857035,0.006,0,0.006,0,0.496333333,0.193092123,1,0,1,0.402234542,0.0005,0.007,2.26231691,0.501,0.011734,0.273539363,0.002,0,0,0.13,12.4156,0.350149583,280.0022,0.227500337,0.888884989,0.211821365,0.85535225,0.0343458912,0.369445006,10.6607,0.296640961,820.6826,0.341469096,0.370885224,0.399215577,0.3366514,0.591616745
5151983,46088,0.03,0.0290773,0,1,30.0000,0.010000,500,2000,0.25,0.001,0.0115,2.60857035,0.006,0,0.006,0,0.496333333,0.193092123,1,0,1,0.402234542,0.0005,0.007,2.26231691,0.501,0.011734,0.273539363,0.002,0,0,0.13,12.4156,0.350149583,280.0022,0.227500337,0.888884989,0.211821365,0.85535225,0.0343458912,0.369445006,10.6607,0.296640961,820.6826,0.341469096,0.370885224,0.399215577,0.3366514,0.591616745
5151983,10040,0.01,0.00654869,0,1,40.0000,0.010000,500,2000,0.25,0.001,0.0115,2.60857035,0.006,0,0.006,0,0.496333333,0.193092123,1,0,1,0.402234542,0.0005,0.007,2.26231691,0.501,0.011734,0.273539363,0.002,0,0,0.13,12.4156,0.350149583,280.0022,0.227500337,0.888884989,0.211821365,0.85535225,0.0343458912,0.369445006,10.6607,0.296640961,820.6826,0.341469096,0.370885224,0.399215577,0.3366514,0.591616745
5151983,4388,0,0.00330108,0,1,50.0000,0.010000,500,2000,0.25,0.001,0.0115,2.60857035,0.006,0,0.006,0,0.496333333,0.193092123,1,0,1,0.402234542,0.0005,0.007,2.26231691,0.501,0.011734,0.273539363,0.002,0,0,0.13,12.4156,0.350149583,280.0022,0.227500337,0.888884989,0.211821365,0.85535225,0.0343458912,0.369445006,10.6607,0.296640961,820.6826,0.341469096,0.370885224,0.399215577,0.3366514,0.591616745
5151983,7585,0.01,0.00582991,0,1,60.0000,0.010000,500,2000,0.25,0.001,0.0115,2.60857035,0.006,0,0.006,0,0.496333333,0.193092123,1,0,1,0.402234542,0.0005,0.007,2.26231691,0.501,0.011734,0.273539363,0.002,0,0,0.13,12.4156,0.350149583,280.0022,0.227500337,0.888884989,0.211821365,0.85535225,0.0343458912,0.369445006,10.6607,0.296640961,820.6826,0.341469096,0.370885224,0.399215577,0.3366514,0.591616745
5151984,283468,0.18,0.175179,0,1,10.0000,0.010000,500,2000,0.25,0.0015,0.0115,2.63098248,0.006,0,0.006,0,0.502666667,0.194578576,1,0,1,0.428831757,0,0.008,2.32237079,0.498,0.011736,0.286801563,0.003,0,0.004,0.386,10.649,0.428693746,287.1911,0.230910172,0.87419891,0.217845028,0.853305717,0.035268488,0.398449989,9.7804,0.327954187,824.3341,0.343082562,0.37364799,0.412917698,0.3351334,0.66225465
5151984,19795.5,0.015,0.0126142,0,1,20.0000,0.010000,500,2000,0.25,0.0015,0.0115,2.63098248,0.006,0,0.006,0,0.502666667,0.194578576,1,0,1,0.428831757,0,0.008,2.32237079,0.498,0.011736,0.286801563,0.003,0,0.004,0.386,10.649,0.428693746,287.1911,0.230910172,0.87419891,0.217845028,0.853305717,0.035268488,0.398449989,9.7804,0.327954187,824.3341,0.343082562,0.37364799,0.412917698,0.3351334,0.66225465
5151984,10022.5,0.01,0.00676049,0,1,30.0000,0.010000,500,2000,0.25,0.0015,0.0115,2.63098248,0.006,0,0.006,0,0.502666667,0.194578576,1,0,1,0.428831757,0,0.008,2.32237079,0.498,0.011736,0.286801563,0.003,0,0.004,0.386,10.649,0.428693746,287.1911,0.230910172,0.87419891,0.217845028,0.853305717,0.035268488,0.398449989,9.7804,0.327954187,824.3341,0.343082562,0.37364799,0.412917698,0.3351334,0.66225465
5151984,4576,0,0.00317172,0,1,40.0000,0.010000,500,2000,0.25,0.0015,0.0115,2.63098248,0.006,0,0.006,0,0.502666667,0.194578576,1,0,1,0.428831757,0,0.008,2.32237079,0.498,0.011736,0.286801563,0.003,0,0.004,0.386,10.649,0.428693746,287.1911,0.230910172,0.87419891,0.217845028,0.853305717,0.035268488,0.398449989,9.7804,0.327954187,824.3341,0.343082562,0.37364799,0.412917698,0.3351334,0.66225465
5151984,5053.5,0,0.00362388,0,1,50.0000,0.010000,500,2000,0.25,0.0015,0.0115,2.63098248,0.006,0,0.006,0,0.502666667,0.194578576,1,0,1,0.428831757,0,0.008,2.32237079,0.498,0.011736,0.286801563,0.003,0,0.004,0.386,10.649,0.428693746,287.1911,0.230910172,0.87419891,0.217845028,0.853305717,0.035268488,0.398449989,9.7804,0.327954187,824.3341,0.343082562,0.37364799,0.412917698,0.3351334,0.66225465
5151984,2204.5,0,0.0017455,0,1,60.0000,0.010000,500,2000,0.25,0.0015,0.0115,2.63098248,0.006,0,0.006,0,0.502666667,0.194578576,1,0,1,0.428831757,0,0.008,2.32237079,0.498,0.011736,0.286801563,0.003,0,0.004,0.386,10.649,0.428693746,287.1911,0.230910172,0.87419891,0.217845028,0.853305717,0.035268488,0.398449989,9.7804,0.327954187,824.3341,0.343082562,0.37364799,0.412917698,0.3351334,0.66225465
5151985,6.16973e+06,3.96,3.98621,0,1,10.0000,0.010000,700,2800,0.25,0.00107142857,0.00821428571,2.66592045,0.00428571429,0,0.00428571429,0,0.495952381,0.186665049,1,0,1,0.399981995,0,0.005,2.26258289,0.491428571,0.00843367347,0.29144479,0.00214285714,0,0.0228571429,0.14,18.0932,0.331716302,422.6066,0.235280593,0.82533938,0.222386811,0.849984636,0.0310028474,0.360254013,15.2587,0.268638857,1403.3684,0.3293033,0.358615746,0.395731342,0.314222143,0.537357404
5151985,270604,0.135,0.178585,0,1,20.0000,0.010000,700,2800,0.25,0.00107142857,0.00821428571,2.66592045,0.00428571429,0,0.00428571429,0,0.495952381,0.186665049,1,0,1,0.399981995,0,0.005,2.26258289,0.491428571,0.00843367347,0.29144479,0.00214285714,0,0.0228571429,0.14,18.0932,0.331716302,422.6066,0.235280593,0.82533938,0.222386811,0.849984636,0.0310028474,0.360254013,15.2587,0.268638857,1403.3684,0.3293033,0.358615746,0.395731342,0.314222143,0.537357404
5151985,142682,0.095,0.0961907,0,1,30.0000,0.010000,700,2800,0.25,0.00107142857,0.00821428571,2.66592045,0.00428571429,0,0.00428571429,0,0.495952381,0.186665049,1,0,1,0.399981995,0,0.005,2.26258289,0.491428571,0.00843367347,0.29144479,0.00214285714,0,0.0228571429,0.14,18.0932,0.331716302,422.6066,0.235280593,0.82533938,0.222386811,0.849984636,0.0310028474,0.360254013,15.2587,0.268638857,1403.3684,0.3293033,0.358615746,0.395731342,0.314222143,0.537357404
5151985,18181,0.01,0.0123438,0,1,40.0000,0.010000,700,2800,0.25,0.00107142857,0.00821428571,2.66592045,0.00428571429,0,0.00428571429,0,0.495952381,0.186665049,1,0,1,0.399981995,0,0.005,2.26258289,0.491428571,0.00843367347,0.29144479,0.00214285714,0,0.0228571429,0.14,18.0932,0.331716302,422.6066,0.235280593,0.82533938,0.222386811,0.849984636,0.0310028474,0.360254013,15.2587,0.268638857,1403.3684,0.3293033,0.358615746,0.395731342,0.314222143,0.537357404
5151985,23507.5,0.02,0.0172799,0,1,50.0000,0.010000,700,2800,0.25,0.00107142857,0.00821428571,2.66592045,0.00428571429,0,0.00428571429,0,0.495952381,0.186665049,1,0,1,0.399981995,0,0.005,2.26258289,0.491428571,0.00843367347,0.29144479,0.00214285714,0,0.0228571429,0.14,18.0932,0.331716302,422.6066,0.235280593,0.82533938,0.222386811,0.849984636,0.0310028474,0.360254013,15.2587,0.268638857,1403.3684,0.3293033,0.358615746,0.395731342,0.314222143,0.537357404
5151985,16507,0.01,0.0128589,0,1,60.0000,0.010000,700,2800,0.25,0.00107142857,0.00821428571,2.66592045,0.00428571429,0,0.00428571429,0,0.495952381,0.186665049,1,0,1,0.399981995,0,0.005,2.26258289,0.491428571,0.00843367347,0.29144479,0.00214285714,0,0.0228571429,0.14,18.0932,0.331716302,422.6066,0.235280593,0.82533938,0.222386811,0.849984636,0.0310028474,0.360254013,15.2587,0.268638857,1403.3684,0.3293033,0.358615746,0.395731342,0.314222143,0.537357404
5151986,6.99753e+08,437.5,495.425,0,1,10.0000,0.010000,700,2800,0.25,0.000357142857,0.00821428571,2.64156134,0.00428571429,0,0.00428571429,0,0.50047619,0.176245034,1,0,1,0.403186493,0,0.00535714286,2.26973105,0.493571429,0.00843061224,0.284642147,0.000714285714,0,0,0.08,21.3512,0.272067211,411.3672,0.231441929,0.838797947,0.216504161,0.851224071,0.0310744359,0.330125572,17.2451,0.234127707,1415.0764,0.327527961,0.347977394,0.377230382,0.310508429,0.560181894
5151986,2.3225e+07,14.835,15.5642,0,1,20.0000,0.010000,700,2800,0.25,0.000357142857,0.00821428571,2.64156134,0.00428571429,0,0.00428571429,0,0.50047619,0.176245034,1,0,1,0.403186493,0,0.00535714286,2.26973105,0.493571429,0.00843061224,0.284642147,0.000714285714,0,0,0.08,21.3512,0.272067211,411.3672,0.231441929,0.838797947,0.216504161,0.851224071,0.0310744359,0.330125572,17.2451,0.234127707,1415.0764,0.327527961,0.347977394,0.377230382,0.310508429,0.560181894
5151986,513696,0.34,0.326115,0,1,30.0000,0.010000,700,2800,0.25,0.000357142857,0.00821428571,2.64156134,0.00428571429,0,0.00428571429,0,0.50047619,0.176245034,1,0,1,0.403186493,0,0.00535714286,2.26973105,0.493571429,0.00843061224,0.284642147,0.000714285714,0,0,0.08,21.3512,0.272067211,411.3672,0.231441929,0.838797947,0.216504161,0.851224071,0.0310744359,0.330125572,17.2451,0.234127707,1415.0764,0.327527961,0.347977394,0.377230382,0.310508429,0.560181894
5151986,94337,0.07,0.0610849,0,1,40.0000,0.010000,700,2800,0.25,0.000357142857,0.00821428571,2.64156134,0.00428571429,0,0.00428571429,0,0.50047619,0.176245034,1,0,1,0.403186493,0,0.00535714286,2.26973105,0.493571429,0.00843061224,0.284642147,0.000714285714,0,0,0.08,21.3512,0.272067211,411.3672,0.231441929,0.838797947,0.216504161,0.851224071,0.0310744359,0.330125572,17.2451,0.234127707,1415.0764,0.327527961,0.347977394,0.377230382,0.310508429,0.560181894
5151986,27941,0.02,0.02126,0,1,50.0000,0.010000,700,2800,0.25,0.000357142857,0.00821428571,2.64156134,0.00428571429,0,0.00428571429,0,0.50047619,0.176245034,1,0,1,0.403186493,0,0.00535714286,2.26973105,0.493571429,0.00843061224,0.284642147,0.000714285714,0,0,0.08,21.3512,0.272067211,411.3672,0.231441929,0.838797947,0.216504161,0.851224071,0.0310744359,0.330125572,17.2451,0.234127707,1415.0764,0.327527961,0.347977394,0.377230382,0.310508429,0.560181894
5151986,40126,0.025,0.0317214,0,1,60.0000,0.010000,700,2800,0.25,0.000357142857,0.00821428571,2.64156134,0.00428571429,0,0.00428571429,0,0.50047619,0.176245034,1,0,1,0.403186493,0,0.00535714286,2.26973105,0.493571429,0.00843061224,0.284642147,0.000714285714,0,0,0.08,21.3512,0.272067211,411.3672,0.231441929,0.838797947,0.216504161,0.851224071,0.0310744359,0.330125572,17.2451,0.234127707,1415.0764,0.327527961,0.347977394,0.377230382,0.310508429,0.560181894
5151987,2.06452e+06,1.285,1.18953,0,1,10.0000,0.010000,700,2800,0.25,0.00142857143,0.00821428571,2.59093364,0.00428571429,0,0.00428571429,0,0.495952381,0.184180607,1,0,1,0.397809339,0,0.00535714286,2.25590922,0.498928571,0.0084122449,0.272105458,0.00285714286,0,0.00142857143,0.0614285714,16.7785,0.331907396,417.509,0.229788966,0.836089195,0.216116958,0.853378492,0.029966508,0.369352237,14.0903,0.263439628,1365.1945,0.326332719,0.350521583,0.404234396,0.320467476,0.558765501
5151987,879302,0.575,0.557042,0,1,20.0000,0.010000,700,2800,0.25,0.00142857143,0.00821428571,2.59093364,0.00428571429,0,0.00428571429,0,0.495952381,0.184180607,1,0,1,0.397809339,0,0.00535714286,2.25590922,0.498928571,0.0084122449,0.272105458,0.00285714286,0,0.00142857143,0.0614285714,16.7785,0.331907396,417.509,0.229788966,0.836089195,0.216116958,0.853378492,0.029966508,0.369352237,14.0903,0.263439628,1365.1945,0.326332719,0.350521583,0.404234396,0.320467476,0.558765501
5151987,178390,0.11,0.122688,0,1,30.0000,0.010000,700,2800,0.25,0.00142857143,0.00821428571,2.59093364,0.00428571429,0,0.00428571429,0,0.495952381,0.184180607,1,0,1,0.397809339,0,0.00535714286,2.25590922,0.498928571,0.0084122449,0.272105458,0.00285714286,0,0.00142857143,0.0614285714,16.7785,0.331907396,417.509,0.229788966,0.836089195,0.216116958,0.853378492,0.029966508,0.369352237,14.0903,0.263439628,1365.1945,0.326332719,0.350521583,0.404234396,0.320467476,0.558765501
5151987,24417,0.02,0.0172021,0,1,40.0000,0.010000,700,2800,0.25,0.00142857143,0.00821428571,2.59093364,0.00428571429,0,0.00428571429,0,0.495952381,0.184180607,1,0,1,0.397809339,0,0.00535714286,2.25590922,0.498928571,0.0084122449,0.272105458,0.00285714286,0,0.00142857143,0.0614285714,16.7785,0.331907396,417.509,0.229788966,0.836089195,0.216116958,0.853378492,0.029966508,0.369352237,14.0903,0.263439628,1365.1945,0.326332719,0.350521583,0.404234396,0.320467476,0.558765501
5151987,21039.5,0.02,0.0159438,0,1,50.0000,0.010000,700,2800,0.25,0.00142857143,0.00821428571,2.59093364,0.00428571429,0,0.00428571429,0,0.495952381,0.184180607,1,0,1,0.397809339,0,0.00535714286,2.25590922,0.498928571,0.0084122449,0.272105458,0.00285714286,0,0.00142857143,0.0614285714,16.7785,0.331907396,417.509,0.229788966,0.836089195,0.216116958,0.853378492,0.029966508,0.369352237,14.0903,0.263439628,1365.1945,0.326332719,0.350521583,0.404234396,0.320467476,0.558765501
5151987,11347.5,0.01,0.00895543,0,1,60.0000,0.010000,700,2800,0.25,0.00142857143,0.00821428571,2.59093364,0.00428571429,0,0.00428571429,0,0.495952381,0.184180607,1,0,1,0.397809339,0,0.00535714286,2.25590922,0.498928571,0.0084122449,0.272105458,0.00285714286,0,0.00142857143,0.0614285714,16.7785,0.331907396,417.509,0.229788966,0.836089195,0.216116958,0.853378492,0.029966508,0.369352237,14.0903,0.263439628,1365.1945,0.326332719,0.350521583,0.404234396,0.320467476,0.558765501
5151988,4.80312e+06,3.06,2.8392,0,1,10.0000,0.010000,700,2800,0.25,0.00107142857,0.0075,2.60772206,0.00428571429,0,0.00428571429,0,0.506190476,0.185461064,1,0,1,0.40439671,0,0.005,2.27317693,0.493571429,0.00842653061,0.276317188,0.00214285714,0,0.00142857143,0.287142857,17.5674,0.33768028,423.1387,0.23469408,0.826789019,0.22273749,0.851176518,0.0306541039,0.364258965,14.7185,0.268755804,1390.9419,0.327174201,0.35304997,0.399912761,0.317380524,0.561613111
5151988,419344,0.28,0.293623,0,1,20.0000,0.010000,700,2800,0.25,0.00107142857,0.0075,2.60772206,0.00428571429,0,0.00428571429,0,0.506190476,0.185461064,1,0,1,0.40439671,0,0.005,2.27317693,0.493571429,0.00842653061,0.276317188,0.00214285714,0,0.00142857143,0.287142857,17.5674,0.33768028,423.1387,0.23469408,0.826789019,0.22273749,0.851176518,0.0306541039,0.364258965,14.7185,0.268755804,1390.9419,0.327174201,0.35304997,0.399912761,0.317380524,0.561613111
5151988,216424,0.155,0.137304,0,1,30.0000,0.010000,700,2800,0.25,0.00107142857,0.0075,2.60772206,0.00428571429,0,0.00428571429,0,0.506190476,0.185461064,1,0,1,0.40439671,0,0.005,2.27317693,0.493571429,0.00842653061,0.276317188,0.00214285714,0,0.00142857143,0.287142857,17.5674,0.33768028,423.1387,0.23469408,0.826789019,0.22273749,0.851176518,0.0306541039,0.364258965,14.7185,0.268755804,1390.9419,0.327174201,0.35304997,0.399912761,0.317380524,0.561613111
5151988,26225.5,0.02,0.0189366,0,1,40.0000,0.010000,700,2800,0.25,0.00107142857,0.0075,2.60772206,0.00428571429,0,0.00428571429,0,0.506190476,0.185461064,1,0,1,0.40439671,0,0.005,2.27317693,0.493571429,0.00842653061,0.276317188,0.00214285714,0,0.00142857143,0.287142857,17.5674,0.33768028,423.1387,0.23469408,0.826789019,0.22273749,0.851176518,0.0306541039,0.364258965,14.7185,0.268755804,1390.9419,0.327174201,0.35304997,0.399912761,0.317380524,0.561613111
5151988,11966,0.01,0.00892532,0,1,50.0000,0.010000,700,2800,0.25,0.00107142857,0.0075,2.60772206,0.00428571429,0,0.00428571429,0,0.506190476,0.185461064,1,0,1,0.40439671,0,0.005,2.27317693,0.493571429,0.00842653061,0.276317188,0.00214285714,0,0.00142857143,0.287142857,17.5674,0.33768028,423.1387,0.23469408,0.826789019,0.22273749,0.851176518,0.0306541039,0.364258965,14.7185,0.268755804,1390.9419,0.327174201,0.35304997,0.399912761,0.317380524,0.561613111
5151988,8705.5,0.01,0.00672462,0,1,60.0000,0.010000,700,2800,0.25,0.00107142857,0.0075,2.60772206,0.00428571429,0,0.00428571429,0,0.506190476,0.185461064,1,0,1,0.40439671,0,0.005,2.27317693,0.493571429,0.00842653061,0.276317188,0.00214285714,0,0.00142857143,0.287142857,17.5674,0.33768028,423.1387,0.23469408,0.826789019,0.22273749,0.851176518,0.0306541039,0.364258965,14.7185,0.268755804,1390.9419,0.327174201,0.35304997,0.399912761,0.317380524,0.561613111
5151989,5.53961e+06,3.385,3.5856,0,1,10.0000,0.010000,700,2800,0.25,0.00107142857,0.00892857143,2.6511379,0.00428571429,0,0.00428571429,0,0.505,0.190052113,1,0,1,0.41240938,0.000357142857,0.00571428571,2.29921773,0.502857143,0.00841632653,0.287769126,0.00214285714,0.00142857143,0.00714285714,0.154285714,16.7979,0.344917782,423.1099,0.231283742,0.826774079,0.217724435,0.851896543,0.0301931062,0.370849082,14.2462,0.272587453,1388.4232,0.324968822,0.352025065,0.404021199,0.317117,0.570199991
5151989,394564,0.26,0.249361,0,1,20.0000,0.010000,700,2800,0.25,0.00107142857,0.00892857143,2.6511379,0.00428571429,0,0.00428571429,0,0.505,0.190052113,1,0,1,0.41240938,0.000357142857,0.00571428571,2.29921773,0.502857143,0.00841632653,0.287769126,0.00214285714,0.00142857143,0.00714285714,0.154285714,16.7979,0.344917782,423.1099,0.231283742,0.826774079,0.217724435,0.851896543,0.0301931062,0.370849082,14.2462,0.272587453,1388.4232,0.324968822,0.352025065,0.404021199,0.317117,0.570199991
5151989,26333.5,0.02,0.0170595,0,1,30.0000,0.010000,700,2800,0.25,0.00107142857,0.00892857143,2.6511379,0.00428571429,0,0.00428571429,0,0.505,0.190052113,1,0,1,0.41240938,0.000357142857,0.00571428571,2.29921773,0.502857143,0.00841632653,0.287769126,0.00214285714,0.00142857143,0.00714285714,0.154285714,16.7979,0.344917782,423.1099,0.231283742,0.826774079,0.217724435,0.851896543,0.0301931062,0.370849082,14.2462,0.272587453,1388.4232,0.324968822,0.352025065,0.404021199,0.317117,0.570199991
5151989,22426,0.015,0.0154469,0,1,40.0000,0.010000,700,2800,0.25,0.00107142857,0.00892857143,2.6511379,0.00428571429,0,0.00428571429,0,0.505,0.190052113,1,0,1,0.41240938,0.000357142857,0.00571428571,2.29921773,0.502857143,0.00841632653,0.287769126,0.00214285714,0.00142857143,0.00714285714,0.154285714,16.7979,0.344917782,423.1099,0.231283742,0.826774079,0.217724435,0.851896543,0.0301931062,0.370849082,14.2462,0.272587453,1388.4232,0.324968822,0.352025065,0.404021199,0.317117,0.570199991
5151989,7474,0.005,0.00558049,0,1,50.0000,0.010000,700,2800,0.25,0.00107142857,0.00892857143,2.6511379,0.00428571429,0,0.00428571429,0,0.505,0.190052113,1,0,1,0.41240938,0.000357142857,0.00571428571,2.29921773,0.502857143,0.00841632653,0.287769126,0.00214285714,0.00142857143,0.00714285714,0.154285714,16.7979,0.344917782,423.1099,0.231283742,0.826774079,0.217724435,0.851896543,0.0301931062,0.370849082,14.2462,0.272587453,1388.4232,0.324968822,0.352025065,0.404021199,0.317117,0.570199991
5151989,7727.5,0.01,0.00603146,0,1,60.0000,0.010000,700,2800,0.25,0.00107142857,0.00892857143,2.6511379,0.00428571429,0,0.00428571429,0,0.505,0.190052113,1,0,1,0.41240938,0.000357142857,0.00571428571,2.29921773,0.502857143,0.00841632653,0.287769126,0.00214285714,0.00142857143,0.00714285714,0.154285714,16.7979,0.344917782,423.1099,0.231283742,0.826774079,0.217724435,0.851896543,0.0301931062,0.370849082,14.2462,0.272587453,1388.4232,0.324968822,0.352025065,0.404021199,0.317117,0.570199991
5151990,2.71734e+08,172.26,174.753,0,1,10.0000,0.010000,700,2800,0.25,0.00107142857,0.00821428571,2.59668884,0.00428571429,0,0.00428571429,0,0.498095238,0.191573354,1,0,1,0.38847464,0.000357142857,0.005,2.25240883,0.511428571,0.00841632653,0.272252562,0.00214285714,0,0,0.285714286,19.5631,0.286069443,416.4234,0.226109725,0.831059331,0.213736299,0.85146484,0.0303824425,0.34481895,16.0698,0.24529,1389.5616,0.330331433,0.358895013,0.386647383,0.314345571,0.560181925
5151990,6.11359e+07,39.61,39.2805,0,1,20.0000,0.010000,700,2800,0.25,0.00107142857,0.00821428571,2.59668884,0.00428571429,0,0.00428571429,0,0.498095238,0.191573354,1,0,1,0.38847464,0.000357142857,0.005,2.25240883,0.511428571,0.00841632653,0.272252562,0.00214285714,0,0,0.285714286,19.5631,0.286069443,416.4234,0.226109725,0.831059331,0.213736299,0.85146484,0.0303824425,0.34481895,16.0698,0.24529,1389.5616,0.330331433,0.358895013,0.386647383,0.314345571,0.560181925
5151990,301380,0.21,0.193988,0,1,30.0000,0.010000,700,2800,0.25,0.00107142857,0.00821428571,2.59668884,0.00428571429,0,0.00428571429,0,0.498095238,0.191573354,1,0,1,0.38847464,0.000357142857,0.005,2.25240883,0.511428571,0.00841632653,0.272252562,0.00214285714,0,0,0.285714286,19.5631,0.286069443,416.4234,0.226109725,0.831059331,0.213736299,0.85146484,0.0303824425,0.34481895,16.0698,0.24529,1389.5616,0.330331433,0.358895013,0.386647383,0.314345571,0.560181925
5151990,35828.5,0.02,0.0244236,0,1,40.0000,0.010000,700,2800,0.25,0.00107142857,0.00821428571,2.59668884,0.00428571429,0,0.00428571429,0,0.498095238,0.191573354,1,0,1,0.38847464,0.000357142857,0.005,2.25240883,0.511428571,0.00841632653,0.272252562,0.00214285714,0,0,0.285714286,19.5631,0.286069443,416.4234,0.226109725,0.831059331,0.213736299,0.85146484,0.0303824425,0.34481895,16.0698,0.24529,1389.5616,0.330331433,0.358895013,0.386647383,0.314345571,0.560181925
5151990,16925.5,0.015,0.0123924,0,1,50.0000,0.010000,700,2800,0.25,0.00107142857,0.00821428571,2.59668884,0.00428571429,0,0.00428571429,0,0.498095238,0.191573354,1,0,1,0.38847464,0.000357142857,0.005,2.25240883,0.511428571,0.00841632653,0.272252562,0.00214285714,0,0,0.285714286,19.5631,0.286069443,416.4234,0.226109725,0.831059331,0.213736299,0.85146484,0.0303824425,0.34481895,16.0698,0.24529,1389.5616,0.330331433,0.358895013,0.386647383,0.314345571,0.560181925
5151990,22809,0.02,0.0178748,0,1,60.0000,0.010000,700,2800,0.25,0.00107142857,0.00821428571,2.59668884,0.00428571429,0,0.00428571429,0,0.498095238,0.191573354,1,0,1,0.38847464,0.000357142857,0.005,2.25240883,0.511428571,0.00841632653,0.272252562,0.00214285714,0,0,0.285714286,19.5631,0.286069443,416.4234,0.226109725,0.831059331,0.213736299,0.85146484,0.0303824425,0.34481895,16.0698,0.24529,1389.5616,0.330331433,0.358895013,0.386647383,0.314345571,0.560181925
5151991,1.16315e+06,0.705,0.633823,0,1,10.0000,0.010000,700,2800,0.25,0.000714285714,0.00785714286,2.65060358,0.00428571429,0,0.00428571429,0,0.494761905,0.189472258,1,0,1,0.416737881,0,0.005,2.32777675,0.5025,0.00841530612,0.28420659,0.00142857143,0,0.0128571429,0.11,18.0269,0.328391936,425.9558,0.228823056,0.817215057,0.217873152,0.847192811,0.0314236648,0.36361279,15.2222,0.266363322,1407.6206,0.327534835,0.354902717,0.398596816,0.314840571,0.541786387
5151991,1.24349e+06,0.775,0.702893,0,1,20.0000,0.010000,700,2800,0.25,0.000714285714,0.00785714286,2.65060358,0.00428571429,0,0.00428571429,0,0.494761905,0.189472258,1,0,1,0.416737881,0,0.005,2.32777675,0.5025,0.00841530612,0.28420659,0.00142857143,0,0.0128571429,0.11,18.0269,0.328391936,425.9558,0.228823056,0.817215057,0.217873152,0.847192811,0.0314236648,0.36361279,15.2222,0.266363322,1407.6206,0.327534835,0.354902717,0.398596816,0.314840571,0.541786387
5151991,69915.5,0.045,0.0491235,0,1,30.0000,0.010000,700,2800,0.25,0.000714285714,0.00785714286,2.65060358,0.00428571429,0,0.00428571429,0,0.494761905,0.189472258,1,0,1,0.416737881,0,0.005,2.32777675,0.5025,0.00841530612,0.28420659,0.00142857143,0,0.0128571429,0.11,18.0269,0.328391936,425.9558,0.228823056,0.817215057,0.217873152,0.847192811,0.0314236648,0.36361279,15.2222,0.266363322,1407.6206,0.327534835,0.354902717,0.398596816,0.314840571,0.541786387
5151991,32896,0.02,0.0219142,0,1,40.0000,0.010000,700,2800,0.25,0.000714285714,0.00785714286,2.65060358,0.00428571429,0,0.00428571429,0,0.494761905,0.189472258,1,0,1,0.416737881,0,0.005,2.32777675,0.5025,0.00841530612,0.28420659,0.00142857143,0,0.0128571429,0.11,18.0269,0.328391936,425.9558,0.228823056,0.817215057,0.217873152,0.847192811,0.0314236648,0.36361279,15.2222,0.266363322,1407.6206,0.327534835,0.354902717,0.398596816,0.314840571,0.541786387
5151991,19337.5,0.015,0.0141975,0,1,50.0000,0.010000,700,2800,0.25,0.000714285714,0.00785714286,2.65060358,0.00428571429,0,0.00428571429,0,0.494761905,0.189472258,1,0,1,0.416737881,0,0.005,2.32777675,0.5025,0.00841530612,0.28420659,0.00142857143,0,0.0128571429,0.11,18.0269,0.328391936,425.9558,0.228823056,0.817215057,0.217873152,0.847192811,0.0314236648,0.36361279,15.2222,0.266363322,1407.6206,0.327534835,0.354902717,0.398596816,0.314840571,0.541786387
5151991,12262.5,0.01,0.00955676,0,1,60.0000,0.010000,700,2800,0.25,0.000714285714,0.00785714286,2.65060358,0.00428571429,0,0.00428571429,0,0.494761905,0.189472258,1,0,1,0.416737881,0,0.005,2.32777675,0.5025,0.00841530612,0.28420659,0.00142857143,0,0.0128571429,0.11,18.0269,0.328391936,425.9558,0.228823056,0.817215057,0.217873152,0.847192811,0.0314236648,0.36361279,15.2222,0.266363322,1407.6206,0.327534835,0.354902717,0.398596816,0.314840571,0.541786387
5151992,3.70422e+07,23.575,21.7813,0,1,10.0000,0.010000,700,2800,0.25,0.00142857143,0.00857142857,2.62936751,0.00428571429,0,0.00428571429,0,0.494285714,0.181830619,1,0,1,0.401320932,0,0.00571428571,2.27616283,0.502142857,0.00841938776,0.283202869,0.00285714286,0,0.0142857143,0.315714286,17.3996,0.323653288,422.2171,0.231242081,0.827013059,0.218649202,0.851758497,0.0302891757,0.36483295,14.5415,0.263528126,1382.7878,0.326385212,0.351954182,0.401521182,0.317877095,0.553605691
5151992,1.11848e+06,0.73,0.724343,0,1,20.0000,0.010000,700,2800,0.25,0.00142857143,0.00857142857,2.62936751,0.00428571429,0,0.00428571429,0,0.494285714,0.181830619,1,0,1,0.401320932,0,0.00571428571,2.27616283,0.502142857,0.00841938776,0.283202869,0.00285714286,0,0.0142857143,0.315714286,17.3996,0.323653288,422.2171,0.231242081,0.827013059,0.218649202,0.851758497,0.0302891757,0.36483295,14.5415,0.263528126,1382.7878,0.326385212,0.351954182,0.401521182,0.317877095,0.553605691
5151992,89749,0.045,0.0621173,0,1,30.0000,0.010000,700,2800,0.25,0.00142857143,0.00857142857,2.62936751,0.00428571429,0,0.00428571429,0,0.494285714,0.181830619,1,0,1,0.401320932,0,0.00571428571,2.27616283,0.502142857,0.00841938776,0.283202869,0.00285714286,0,0.0142857143,0.315714286,17.3996,0.323653288,422.2171,0.231242081,0.827013059,0.218649202,0.851758497,0.0302891757,0.36483295,14.5415,0.263528126,1382.7878,0.326385212,0.351954182,0.401521182,0.317877095,0.553605691
5151992,60537,0.045,0.0422169,0,1,40.0000,0.010000,700,2800,0.25,0.00142857143,0.00857142857,2.62936751,0.00428571429,0,0.00428571429,0,0.494285714,0.181830619,1,0,1,0.401320932,0,0.00571428571,2.27616283,0.502142857,0.00841938776,0.283202869,0.00285714286,0,0.0142857143,0.315714286,17.3996,0.323653288,422.2171,0.231242081,0.827013059,0.218649202,0.851758497,0.0302891757,0.36483295,14.5415,0.263528126,1382.7878,0.326385212,0.351954182,0.401521182,0.317877095,0.553605691
5151992,20216.5,0.015,0.0153919,0,1,50.0000,0.010000,700,2800,0.25,0.00142857143,0.00857142857,2.62936751,0.00428571429,0,0.00428571429,0,0.494285714,0.181830619,1,0,1,0.401320932,0,0.00571428571,2.27616283,0.502142857,0.00841938776,0.283202869,0.00285714286,0,0.0142857143,0.315714286,17.3996,0.323653288,422.2171,0.231242081,0.827013059,0.218649202,0.851758497,0.0302891757,0.36483295,14.5415,0.263528126,1382.7878,0.326385212,0.351954182,0.401521182,0.317877095,0.553605691
5151992,16935.5,0.01,0.0132308,0,1,60.0000,0.010000,700,2800,0.25,0.00142857143,0.00857142857,2.62936751,0.00428571429,0,0.00428571429,0,0.494285714,0.181830619,1,0,1,0.401320932,0,0.00571428571,2.27616283,0.502142857,0.00841938776,0.283202869,0.00285714286,0,0.0142857143,0.315714286,17.3996,0.323653288,422.2171,0.231242081,0.827013059,0.218649202,0.851758497,0.0302891757,0.36483295,14.5415,0.263528126,1382.7878,0.326385212,0.351954182,0.401521182,0.317877095,0.553605691
5151993,2.56168e+06,1.58,1.75153,0,1,10.0000,0.010000,700,2800,0.25,0.00107142857,0.00892857143,2.66031426,0.00428571429,0,0.00428571429,0,0.507857143,0.184585839,1,0,1,0.391843526,0,0.00535714286,2.25799094,0.503571429,0.00842142857,0.295675913,0.00214285714,0,0.00142857143,0.322857143,17.0924,0.324517174,421.5325,0.22812055,0.828128492,0.21683129,0.852082854,0.0302739478,0.367341908,14.5308,0.255647217,1374.8238,0.321870625,0.347841436,0.400740555,0.316637238,0.574467607
5151993,626580,0.425,0.419721,0,1,20.0000,0.010000,700,2800,0.25,0.00107142857,0.00892857143,2.66031426,0.00428571429,0,0.00428571429,0,0.507857143,0.184585839,1,0,1,0.391843526,0,0.00535714286,2.25799094,0.503571429,0.00842142857,0.295675913,0.00214285714,0,0.00142857143,0.322857143,17.0924,0.324517174,421.5325,0.22812055,0.828128492,0.21683129,0.852082854,0.0302739478,0.367341908,14.5308,0.255647217,1374.8238,0.321870625,0.347841436,0.400740555,0.316637238,0.574467607
5151993,101085,0.075,0.0664203,0,1,30.0000,0.010000,700,2800,0.25,0.00107142857,0.00892857143,2.66031426,0.00428571429,0,0.00428571429,0,0.507857143,0.184585839,1,0,1,0.391843526,0,0.00535714286,2.25799094,0.503571429,0.00842142857,0.295675913,0.00214285714,0,0.00142857143,0.322857143,17.0924,0.324517174,421.5325,0.22812055,0.828128492,0.21683129,0.852082854,0.0302739478,0.367341908,14.5308,0.255647217,1374.8238,0.321870625,0.347841436,0.400740555,0.316637238,0.574467607
5151993,53203.5,0.04,0.0364165,0,1,40.0000,0.010000,700,2800,0.25,0.00107142857,0.00892857143,2.66031426,0.00428571429,0,0.00428571429,0,0.507857143,0.184585839,1,0,1,0.391843526,0,0.00535714286,2.25799094,0.503571429,0.00842142857,0.295675913,0.00214285714,0,0.00142857143,0.322857143,17.0924,0.324517174,421.5325,0.22812055,0.828128492,0.21683129,0.852082854,0.0302739478,0.367341908,14.5308,0.255647217,1374.8238,0.321870625,0.347841436,0.400740555,0.316637238,0.574467607
5151993,20273.5,0.015,0.0152871,0,1,50.0000,0.010000,700,2800,0.25,0.00107142857,0.00892857143,2.66031426,0.00428571429,0,0.00428571429,0,0.507857143,0.184585839,1,0,1,0.391843526,0,0.00535714286,2.25799094,0.503571429,0.00842142857,0.295675913,0.00214285714,0,0.00142857143,0.322857143,17.0924,0.324517174,421.5325,0.22812055,0.828128492,0.21683129,0.852082854,0.0302739478,0.367341908,14.5308,0.255647217,1374.8238,0.321870625,0.347841436,0.400740555,0.316637238,0.574467607
5151993,9092,0.01,0.00725115,0,1,60.0000,0.010000,700,2800,0.25,0.00107142857,0.00892857143,2.66031426,0.00428571429,0,0.00428571429,0,0.507857143,0.184585839,1,0,1,0.391843526,0,0.00535714286,2.25799094,0.503571429,0.00842142857,0.295675913,0.00214285714,0,0.00142857143,0.322857143,17.0924,0.324517174,421.5325,0.22812055,0.828128492,0.21683129,0.852082854,0.0302739478,0.367341908,14.5308,0.255647217,1374.8238,0.321870625,0.347841436,0.400740555,0.316637238,0.574467607
5151994,701311,0.455,0.452001,0,1,10.0000,0.010000,700,2800,0.25,0.00107142857,0.00892857143,2.62746462,0.00428571429,0,0.00428571429,0,0.498095238,0.182467511,1,0,1,0.394385426,0,0.005,2.28608956,0.511428571,0.00844795918,0.280107543,0.00214285714,0,0.00428571429,0.305714286,16.5932,0.380238982,433.31,0.240324099,0.810243931,0.223952747,0.845622722,0.0318353874,0.380298567,14.3844,0.284843711,1414.111,0.328115077,0.35489373,0.407741861,0.314320286,0.556785481
5151994,168894,0.115,0.106655,0,1,20.0000,0.010000,700,2800,0.25,0.00107142857,0.00892857143,2.62746462,0.00428571429,0,0.00428571429,0,0.498095238,0.182467511,1,0,1,0.394385426,0,0.005,2.28608956,0.511428571,0.00844795918,0.280107543,0.00214285714,0,0.00428571429,0.305714286,16.5932,0.380238982,433.31,0.240324099,0.810243931,0.223952747,0.845622722,0.0318353874,0.380298567,14.3844,0.284843711,1414.111,0.328115077,0.35489373,0.407741861,0.314320286,0.556785481
5151994,35379.5,0.025,0.0226879,0,1,30.0000,0.010000,700,2800,0.25,0.00107142857,0.00892857143,2.62746462,0.00428571429,0,0.00428571429,0,0.498095238,0.182467511,1,0,1,0.394385426,0,0.005,2.28608956,0.511428571,0.00844795918,0.280107543,0.00214285714,0,0.00428571429,0.305714286,16.5932,0.380238982,433.31,0.240324099,0.810243931,0.223952747,0.845622722,0.0318353874,0.380298567,14.3844,0.284843711,1414.111,0.328115077,0.35489373,0.407741861,0.314320286,0.556785481
5151994,8370,0.01,0.0056687,0,1,40.0000,0.010000,700,2800,0.25,0.00107142857,0.00892857143,2.62746462,0.00428571429,0,0.00428571429,0,0.498095238,0.182467511,1,0,1,0.394385426,0,0.005,2.28608956,0.511428571,0.00844795918,0.280107543,0.00214285714,0,0.00428571429,0.305714286,16.5932,0.380238982,433.31,0.240324099,0.810243931,0.223952747,0.845622722,0.0318353874,0.380298567,14.3844,0.284843711,1414.111,0.328115077,0.35489373,0.407741861,0.314320286,0.556785481
5151994,7971.5,0.005,0.00621215,0,1,50.0000,0.010000,700,2800,0.25,0.00107142857,0.00892857143,2.62746462,0.00428571429,0,0.00428571429,0,0.498095238,0.182467511,1,0,1,0.394385426,0,0.005,2.28608956,0.511428571,0.00844795918,0.280107543,0.00214285714,0,0.00428571429,0.305714286,16.5932,0.380238982,433.31,0.240324099,0.810243931,0.223952747,0.845622722,0.0318353874,0.380298567,14.3844,0.284843711,1414.111,0.328115077,0.35489373,0.407741861,0.314320286,0.556785481
5151994,5542,0.005,0.00431126,0,1,60.0000,0.010000,700,2800,0.25,0.00107142857,0.00892857143,2.62746462,0.00428571429,0,0.00428571429,0,0.498095238,0.182467511,1,0,1,0.394385426,0,0.005,2.28608956,0.511428571,0.00844795918,0.280107543,0.00214285714,0,0.00428571429,0.305714286,16.5932,0.380238982,433.31,0.240324099,0.810243931,0.223952747,0.845622722,0.0318353874,0.380298567,14.3844,0.284843711,1414.111,0.328115077,0.35489373,0.407741861,0.314320286,0.556785481
5151995,2.98159e+06,2.02,2.04714,0,1,10.0000,0.010000,900,3600,0.25,0.000555555556,0.0075,2.65212992,0.00333333333,0,0.00333333333,0,0.498888889,0.188826131,1,0,1,0.40673505,0,0.00444444444,2.29123528,0.500555556,0.00656975309,0.290032022,0.00111111111,0,0,0.0233333333,20.0627,0.333456648,578.2672,0.229216173,0.78105968,0.221198077,0.849477089,0.027311611,0.380766867,17.0666,0.252862903,2035.6801,0.318579492,0.339839902,0.412495259,0.305676926,0.525709826
5151995,1.07485e+06,0.705,0.729157,0,1,20.0000,0.010000,900,3600,0.25,0.000555555556,0.0075,2.65212992,0.00333333333,0,0.00333333333,0,0.498888889,0.188826131,1,0,1,0.40673505,0,0.00444444444,2.29123528,0.500555556,0.00656975309,0.290032022,0.00111111111,0,0,0.0233333333,20.0627,0.333456648,578.2672,0.229216173,0.78105968,0.221198077,0.849477089,0.027311611,0.380766867,17.0666,0.252862903,2035.6801,0.318579492,0.339839902,0.412495259,0.305676926,0.525709826
5151995,70058,0.045,0.0479364,0,1,30.0000,0.010000,900,3600,0.25,0.000555555556,0.0075,2.65212992,0.00333333333,0,0.00333333333,0,0.498888889,0.188826131,1,0,1,0.40673505,0,0.00444444444,2.29123528,0.500555556,0.00656975309,0.290032022,0.00111111111,0,0,0.0233333333,20.0627,0.333456648,578.2672,0.229216173,0.78105968,0.221198077,0.849477089,0.027311611,0.380766867,17.0666,0.252862903,2035.6801,0.318579492,0.339839902,0.412495259,0.305676926,0.525709826
5151995,21047.5,0.015,0.0135449,0,1,40.0000,0.010000,900,3600,0.25,0.000555555556,0.0075,2.65212992,0.00333333333,0,0.00333333333,0,0.498888889,0.188826131,1,0,1,0.40673505,0,0.00444444444,2.29123528,0.500555556,0.00656975309,0.290032022,0.00111111111,0,0,0.0233333333,20.0627,0.333456648,578.2672,0.229216173,0.78105968,0.221198077,0.849477089,0.027311611,0.380766867,17.0666,0.252862903,2035.6801,0.318579492,0.339839902,0.412495259,0.305676926,0.525709826
5151995,18341.5,0.01,0.0139954,0,1,50.0000,0.010000,900,3600,0.25,0.000555555556,0.0075,2.65212992,0.00333333333,0,0.00333333333,0,0.498888889,0.188826131,1,0,1,0.40673505,0,0.00444444444,2.29123528,0.500555556,0.00656975309,0.290032022,0.00111111111,0,0,0.0233333333,20.0627,0.333456648,578.2672,0.229216173,0.78105968,0.221198077,0.849477089,0.027311611,0.380766867,17.0666,0.252862903,2035.6801,0.318579492,0.339839902,0.412495259,0.305676926,0.525709826
5151995,13776.5,0.01,0.0110417,0,1,60.0000,0.010000,900,3600,0.25,0.000555555556,0.0075,2.65212992,0.00333333333,0,0.00333333333,0,0.498888889,0.188826131,1,0,1,0.40673505,0,0.00444444444,2.29123528,0.500555556,0.00656975309,0.290032022,0.00111111111,0,0,0.0233333333,20.0627,0.333456648,578.2672,0.229216173,0.78105968,0.221198077,0.849477089,0.027311611,0.380766867,17.0666,0.252862903,2035.6801,0.318579492,0.339839902,0.412495259,0.305676926,0.525709826
5151996,180333,0.125,0.103028,0,1,10.0000,0.010000,900,3600,0.25,0.000833333333,0.00666666667,2.64450625,0.00333333333,0,0.00333333333,0,0.498148148,0.183296184,1,0,1,0.417340145,0,0.00527777778,2.31080163,0.498333333,0.00657901235,0.285982853,0.00166666667,0,0.00777777778,0.0622222222,19.0899,0.364673723,588.6492,0.230950445,0.769264264,0.222990653,0.845991877,0.0276931688,0.392815399,16.6431,0.271417558,2053.1724,0.31490828,0.343557305,0.419280781,0.305006111,0.539035057
5151996,130056,0.085,0.0883297,0,1,20.0000,0.010000,900,3600,0.25,0.000833333333,0.00666666667,2.64450625,0.00333333333,0,0.00333333333,0,0.498148148,0.183296184,1,0,1,0.417340145,0,0.00527777778,2.31080163,0.498333333,0.00657901235,0.285982853,0.00166666667,0,0.00777777778,0.0622222222,19.0899,0.364673723,588.6492,0.230950445,0.769264264,0.222990653,0.845991877,0.0276931688,0.392815399,16.6431,0.271417558,2053.1724,0.31490828,0.343557305,0.419280781,0.305006111,0.539035057
5151996,26437.5,0.015,0.0184343,0,1,30.0000,0.010000,900,3600,0.25,0.000833333333,0.00666666667,2.64450625,0.00333333333,0,0.00333333333,0,0.498148148,0.183296184,1,0,1,0.417340145,0,0.00527777778,2.31080163,0.498333333,0.00657901235,0.285982853,0.00166666667,0,0.00777777778,0.0622222222,19.0899,0.364673723,588.6492,0.230950445,0.769264264,0.222990653,0.845991877,0.0276931688,0.392815399,16.6431,0.271417558,2053.1724,0.31490828,0.343557305,0.419280781,0.305006111,0.539035057
5151996,23983,0.015,0.0174484,0,1,40.0000,0.010000,900,3600,0.25,0.000833333333,0.00666666667,2.64450625,0.00333333333,0,0.00333333333,0,0.498148148,0.183296184,1,0,1,0.417340145,0,0.00527777778,2.31080163,0.498333333,0.00657901235,0.285982853,0.00166666667,0,0.00777777778,0.0622222222,19.0899,0.364673723,588.6492,0.230950445,0.769264264,0.222990653,0.845991877,0.0276931688,0.392815399,16.6431,0.271417558,2053.1724,0.31490828,0.343557305,0.419280781,0.305006111,0.539035057
5151996,5658,0.01,0.00425865,0,1,50.0000,0.010000,900,3600,0.25,0.000833333333,0.00666666667,2.64450625,0.00333333333,0,0.00333333333,0,0.498148148,0.183296184,1,0,1,0.417340145,0,0.00527777778,2.31080163,0.498333333,0.00657901235,0.285982853,0.00166666667,0,0.00777777778,0.0622222222,19.0899,0.364673723,588.6492,0.230950445,0.769264264,0.222990653,0.845991877,0.0276931688,0.392815399,16.6431,0.271417558,2053.1724,0.31490828,0.343557305,0.419280781,0.305006111,0.539035057
5151996,7102.5,0.01,0.00565526,0,1,60.0000,0.010000,900,3600,0.25,0.000833333333,0.00666666667,2.64450625,0.00333333333,0,0.00333333333,0,0.498148148,0.183296184,1,0,1,0.417340145,0,0.00527777778,2.31080163,0.498333333,0.00657901235,0.285982853,0.00166666667,0,0.00777777778,0.0622222222,19.0899,0.364673723,588.6492,0.230950445,0.769264264,0.222990653,0.845991877,0.0276931688,0.392815399,16.6431,0.271417558,2053.1724,0.31490828,0.343557305,0.419280781,0.305006111,0.539035057
5151997,9.48253e+06,5.77,6.3785,0,1,10.0000,0.010000,900,3600,0.25,0.000555555556,0.00666666667,2.64288491,0.00333333333,0,0.00333333333,0,0.488703704,0.179198483,1,0,1,0.402104433,0.000277777778,0.00361111111,2.27601294,0.502222222,0.00656975309,0.284779444,0.00111111111,0,0.00222222222,0.0177777778,20.3385,0.334304905,587.1348,0.228472773,0.767677614,0.220815087,0.845851819,0.0278987387,0.3820953,17.159,0.257403932,2049.2723,0.311007629,0.335553031,0.415566861,0.307667,0.537927162
5151997,640136,0.41,0.425929,0,1,20.0000,0.010000,900,3600,0.25,0.000555555556,0.00666666667,2.64288491,0.00333333333,0,0.00333333333,0,0.488703704,0.179198483,1,0,1,0.402104433,0.000277777778,0.00361111111,2.27601294,0.502222222,0.00656975309,0.284779444,0.00111111111,0,0.00222222222,0.0177777778,20.3385,0.334304905,587.1348,0.228472773,0.767677614,0.220815087,0.845851819,0.0278987387,0.3820953,17.159,0.257403932,2049.2723,0.311007629,0.335553031,0.415566861,0.307667,0.537927162
5151997,95360,0.06,0.0675488,0,1,30.0000,0.010000,900,3600,0.25,0.000555555556,0.00666666667,2.64288491,0.00333333333,0,0.00333333333,0,0.488703704,0.179198483,1,0,1,0.402104433,0.000277777778,0.00361111111,2.27601294,0.502222222,0.00656975309,0.284779444,0.00111111111,0,0.00222222222,0.0177777778,20.3385,0.334304905,587.1348,0.228472773,0.767677614,0.220815087,0.845851819,0.0278987387,0.3820953,17.159,0.257403932,2049.2723,0.311007629,0.335553031,0.415566861,0.307667,0.537927162
5151997,21715,0.015,0.0151901,0,1,40.0000,0.010000,900,3600,0.25,0.000555555556,0.00666666667,2.64288491,0.00333333333,0,0.00333333333,0,0.488703704,0.179198483,1,0,1,0.402104433,0.000277777778,0.00361111111,2.27601294,0.502222222,0.00656975309,0.284779444,0.00111111111,0,0.00222222222,0.0177777778,20.3385,0.334304905,587.1348,0.228472773,0.767677614,0.220815087,0.845851819,0.0278987387,0.3820953,17.159,0.257403932,2049.2723,0.311007629,0.335553031,0.415566861,0.307667,0.537927162
5151997,13245.5,0.01,0.0100147,0,1,50.0000,0.010000,900,3600,0.25,0.000555555556,0.00666666667,2.64288491,0.00333333333,0,0.00333333333,0,0.488703704,0.179198483,1,0,1,0.402104433,0.000277777778,0.00361111111,2.27601294,0.502222222,0.00656975309,0.284779444,0.00111111111,0,0.00222222222,0.0177777778,20.3385,0.334304905,587.1348,0.228472773,0.767677614,0.220815087,0.845851819,0.0278987387,0.3820953,17.159,0.257403932,2049.2723,0.311007629,0.335553031,0.415566861,0.307667,0.537927162
5151997,9658,0.01,0.00781221,0,1,60.0000,0.010000,900,3600,0.25,0.000555555556,0.00666666667,2.64288491,0.00333333333,0,0.00333333333,0,0.488703704,0.179198483,1,0,1,0.402104433,0.000277777778,0.00361111111,2.27601294,0.502222222,0.00656975309,0.284779444,0.00111111111,0,0.00222222222,0.0177777778,20.3385,0.334304905,587.1348,0.228472773,0.767677614,0.220815087,0.845851819,0.0278987387,0.3820953,17.159,0.257403932,2049.2723,0.311007629,0.335553031,0.415566861,0.307667,0.537927162
5151998,7.33583e+06,4.74,4.4128,0,1,10.0000,0.010000,900,3600,0.25,0.000833333333,0.00805555556,2.64106388,0.00333333333,0,0.00333333333,0,0.505740741,0.185618394,1,0,1,0.411428008,0,0.00416666667,2.31673961,0.508055556,0.00657407407,0.289476883,0.00166666667,0,0.00666666667,0.0233333333,20.3754,0.322540624,574.6252,0.229135499,0.785154305,0.217824513,0.849533772,0.0267986189,0.378445235,17.1476,0.248828184,2024.6363,0.312713085,0.337743937,0.412594354,0.305326111,0.539058295
5151998,1.82108e+06,1.195,1.23055,0,1,20.0000,0.010000,900,3600,0.25,0.000833333333,0.00805555556,2.64106388,0.00333333333,0,0.00333333333,0,0.505740741,0.185618394,1,0,1,0.411428008,0,0.00416666667,2.31673961,0.508055556,0.00657407407,0.289476883,0.00166666667,0,0.00666666667,0.0233333333,20.3754,0.322540624,574.6252,0.229135499,0.785154305,0.217824513,0.849533772,0.0267986189,0.378445235,17.1476,0.248828184,2024.6363,0.312713085,0.337743937,0.412594354,0.305326111,0.539058295
5151998,220972,0.145,0.152556,0,1,30.0000,0.010000,900,3600,0.25,0.000833333333,0.00805555556,2.64106388,0.00333333333,0,0.00333333333,0,0.505740741,0.185618394,1,0,1,0.411428008,0,0.00416666667,2.31673961,0.508055556,0.00657407407,0.289476883,0.00166666667,0,0.00666666667,0.0233333333,20.3754,0.322540624,574.6252,0.229135499,0.785154305,0.217824513,0.849533772,0.0267986189,0.378445235,17.1476,0.248828184,2024.6363,0.312713085,0.337743937,0.412594354,0.305326111,0.539058295
5151998,45566.5,0.035,0.0325152,0,1,40.0000,0.010000,900,3600,0.25,0.000833333333,0.00805555556,2.64106388,0.00333333333,0,0.00333333333,0,0.505740741,0.185618394,1,0,1,0.411428008,0,0.00416666667,2.31673961,0.508055556,0.00657407407,0.289476883,0.00166666667,0,0.00666666667,0.0233333333,20.3754,0.322540624,574.6252,0.229135499,0.785154305,0.217824513,0.849533772,0.0267986189,0.378445235,17.1476,0.248828184,2024.6363,0.312713085,0.337743937,0.412594354,0.305326111,0.539058295
5151998,17792,0.015,0.0138463,0,1,50.0000,0.010000,900,3600,0.25,0.000833333333,0.00805555556,2.64106388,0.00333333333,0,0.00333333333,0,0.505740741,0.185618394,1,0,1,0.411428008,0,0.00416666667,2.31673961,0.508055556,0.00657407407,0.289476883,0.00166666667,0,0.00666666667,0.0233333333,20.3754,0.322540624,574.6252,0.229135499,0.785154305,0.217824513,0.849533772,0.0267986189,0.378445235,17.1476,0.248828184,2024.6363,0.312713085,0.337743937,0.412594354,0.305326111,0.539058295
5151998,11894,0.01,0.0093105,0,1,60.0000,0.010000,900,3600,0.25,0.000833333333,0.00805555556,2.64106388,0.00333333333,0,0.00333333333,0,0.505740741,0.185618394,1,0,1,0.411428008,0,0.00416666667,2.31673961,0.508055556,0.00657407407,0.289476883,0.00166666667,0,0.00666666667,0.0233333333,20.3754,0.322540624,574.6252,0.229135499,0.785154305,0.217824513,0.849533772,0.0267986189,0.378445235,17.1476,0.248828184,2024.6363,0.312713085,0.337743937,0.412594354,0.305326111,0.539058295
5151999,2.07427e+07,12.575,15.2828,0,1,10.0000,0.010000,900,3600,0.25,0.00111111111,0.00638888889,2.60548143,0.00333333333,0,0.00333333333,0,0.495740741,0.173516659,1,0,1,0.400383507,0.000277777778,0.00388888889,2.29174941,0.510555556,0.0065845679,0.276509539,0.00222222222,0,0,0.0277777778,22.3743,0.305042167,574.1585,0.229311291,0.781861996,0.219421354,0.84701871,0.0279270711,0.365607442,18.3904,0.241881595,2046.2435,0.315737944,0.340031722,0.405642545,0.306648519,0.529081219
5151999,1.93639e+06,1.315,1.30969,0,1,20.0000,0.010000,900,3600,0.25,0.00111111111,0.00638888889,2.60548143,0.00333333333,0,0.00333333333,0,0.495740741,0.173516659,1,0,1,0.400383507,0.000277777778,0.00388888889,2.29174941,0.510555556,0.0065845679,0.276509539,0.00222222222,0,0,0.0277777778,22.3743,0.305042167,574.1585,0.229311291,0.781861996,0.219421354,0.84701871,0.0279270711,0.365607442,18.3904,0.241881595,2046.2435,0.315737944,0.340031722,0.405642545,0.306648519,0.529081219
5151999,145364,0.105,0.100802,0,1,30.0000,0.010000,900,3600,0.25,0.00111111111,0.00638888889,2.60548143,0.00333333333,0,0.00333333333,0,0.495740741,0.173516659,1,0,1,0.400383507,0.000277777778,0.00388888889,2.29174941,0.510555556,0.0065845679,0.276509539,0.00222222222,0,0,0.0277777778,22.3743,0.305042167,574.1585,0.229311291,0.781861996,0.219421354,0.84701871,0.0279270711,0.365607442,18.3904,0.241881595,2046.2435,0.315737944,0.340031722,0.405642545,0.306648519,0.529081219
5151999,57862.5,0.04,0.0411391,0,1,40.0000,0.010000,900,3600,0.25,0.00111111111,0.00638888889,2.60548143,0.00333333333,0,0.00333333333,0,0.495740741,0.173516659,1,0,1,0.400383507,0.000277777778,0.00388888889,2.29174941,0.510555556,0.0065845679,0.276509539,0.00222222222,0,0,0.0277777778,22.3743,0.305042167,574.1585,0.229311291,0.781861996,0.219421354,0.84701871,0.0279270711,0.365607442,18.3904,0.241881595,2046.2435,0.315737944,0.340031722,0.405642545,0.306648519,0.529081219
5151999,21996,0.02,0.0172883,0,1,50.0000,0.010000,900,3600,0.25,0.00111111111,0.00638888889,2.60548143,0.00333333333,0,0.00333333333,0,0.495740741,0.173516659,1,0,1,0.400383507,0.000277777778,0.00388888889,2.29174941,0.510555556,0.0065845679,0.276509539,0.00222222222,0,0,0.0277777778,22.3743,0.305042167,574.1585,0.229311291,0.781861996,0.219421354,0.84701871,0.0279270711,0.365607442,18.3904,0.241881595,2046.2435,0.315737944,0.340031722,0.405642545,0.306648519,0.529081219
5151999,19344,0.015,0.0158608,0,1,60.0000,0.010000,900,3600,0.25,0.00111111111,0.00638888889,2.60548143,0.00333333333,0,0.00333333333,0,0.495740741,0.173516659,1,0,1,0.400383507,0.000277777778,0.00388888889,2.29174941,0.510555556,0.0065845679,0.276509539,0.00222222222,0,0,0.0277777778,22.3743,0.305042167,574.1585,0.229311291,0.781861996,0.219421354,0.84701871,0.0279270711,0.365607442,18.3904,0.241881595,2046.2435,0.315737944,0.340031722,0.405642545,0.306648519,0.529081219
