nvars,nclauses,vars-clauses-ratio,VCG-VAR-mean,VCG-VAR-coeff-variation,VCG-VAR-min,VCG-VAR-max,VCG-VAR-entropy,VCG-CLAUSE-mean,VCG-CLAUSE-coeff-variation,VCG-CLAUSE-min,VCG-CLAUSE-max,VCG-CLAUSE-entropy,POSNEG-RATIO-CLAUSE-mean,POSNEG-RATIO-CLAUSE-coeff-variation,POSNEG-RATIO-CLAUSE-min,POSNEG-RATIO-CLAUSE-max,POSNEG-RATIO-CLAUSE-entropy,POSNEG-RATIO-VAR-mean,POSNEG-RATIO-VAR-stdev,POSNEG-RATIO-VAR-min,POSNEG-RATIO-VAR-max,POSNEG-RATIO-VAR-entropy,UNARY,BINARY+,TRINARY+,HORNY-VAR-mean,HORNY-VAR-coeff-variation,HORNY-VAR-min,HORNY-VAR-max,HORNY-VAR-entropy,horn-clauses-fraction,VG-mean,VG-coeff-variation,VG-min,VG-max,KLB-featuretime,CG-mean,CG-coeff-variation,CG-min,CG-max,CG-entropy,cluster-coeff-mean,cluster-coeff-coeff-variation,cluster-coeff-min,cluster-coeff-max,cluster-coeff-entropy,CG-featuretime
773,13678,0.0565141103,0.00330330017,0.602527347,0.000146220208,0.0109665156,3.57037391,0.00323632798,0.224059141,0.00258732212,0.0064683053,0.752288028,0.669610567,0.511258197,0,1,0.772966195,0.637960788,0.195771944,0,0.891891892,3.35058615,0,0.520251499,0.988229273,0.00322400085,0.614296634,0.000146220208,0.0107471853,3.56691328,0.987059512,0.00316471977,0.602155179,7.31101038e-05,0.0108934055,0,0.00392371098,0.841832527,0.000219330311,0.026758298,3.2375493,0.0974253024,0.782833475,0.00760391545,0.7,1.84711819,2.08
784,13504,0.058056872,0.00328517777,0.631556006,0.000518364929,0.0111078199,3.37585821,0.00320417155,0.22342788,0.00255102041,0.00637755102,0.755135493,0.661873025,0.518192912,0,1,0.778106988,0.632712028,0.189366269,0,0.902439024,3.26317019,0,0.510293246,0.98785545,0.00320481713,0.644399214,0.000370260664,0.0108856635,3.39756284,0.986670616,0.00314813765,0.632755919,0.000444312796,0.0110337678,0,0.00404177462,0.830643258,0.000222156398,0.0316943128,3.26638791,0.0963729217,0.79798649,0.00765325114,0.7,1.89117465,2.12
777,11296,0.0687854108,0.00342867975,0.762462551,0.000177053824,0.0134560907,3.19071899,0.00337655543,0.21354043,0.00257400257,0.00643500644,0.746637671,0.599881964,0.554263575,0,1,0.735536312,0.56047258,0.188399819,0,0.897435897,3.07535606,0,0.403328612,0.985747167,0.00333296872,0.78044268,0.000177053824,0.0131905099,3.19370112,0.984330737,0.00325336402,0.766167593,8.85269122e-05,0.0132790368,0,0.00544616059,0.691446114,0.000265580737,0.0369157224,3.41647384,0.0823376228,0.904764884,0.00772133017,0.7,1.73260668,2.02
757,9307,0.0813366283,0.00367152622,0.860591613,0.000214892017,0.0156871172,2.52712963,0.00363669964,0.192546831,0.00264200793,0.00660501982,0.676562877,0.51870635,0.588330429,0,1,0.659807661,0.489264907,0.191738842,0,0.92,2.46030166,0,0.27914473,0.983238423,0.00355547305,0.883732825,0.000214892017,0.0153647792,2.51963377,0.981519287,0.00346696279,0.869814056,0.000107446008,0.0154722252,0,0.00736051913,0.53822627,0.000322338025,0.038250779,3.17725212,0.067793923,1.05564703,0.00711743772,0.7,1.46283464,1.82
765,13533,0.0565284859,0.00333160915,0.60778396,0.000147786891,0.0112318037,3.44226815,0.0032714029,0.224113138,0.00261437908,0.00653594771,0.752047306,0.674075716,0.504109867,0,1,0.755456385,0.635010997,0.19600915,0,0.891891892,3.19418962,0,0.519397029,0.988250942,0.00325150866,0.61967534,0.000147786891,0.0110101234,3.43185489,0.987068647,0.0031923939,0.608499147,7.38934457e-05,0.0110840168,0,0.00395087773,0.842990345,0.000221680337,0.0272666814,3.24377335,0.0973337016,0.780791213,0.00727216061,0.7,1.84550867,2.1
777,13900,0.0558992806,0.00328044284,0.602037002,0.000143884892,0.0116546763,3.47505654,0.0032102812,0.224388585,0.00257400257,0.00643500644,0.751085915,0.679179856,0.500160351,0,1,0.754808342,0.642256486,0.195153172,0,0.902439024,3.28167202,0,0.527266187,0.988345324,0.00320233931,0.613834373,0.000143884892,0.0114388489,3.48311563,0.987194245,0.00315191325,0.599721918,7.1942446e-05,0.0115107914,0,0.00385211946,0.857535512,0.000215827338,0.0283453237,3.28521676,0.098086184,0.771778314,0.00706661759,0.7,1.9007102,2.32
795,12191,0.0652120417,0.00331612854,0.71788857,0.000164055451,0.0129603806,3.24325164,0.0032590286,0.217093795,0.00251572327,0.00628930818,0.753429538,0.608421513,0.558686554,0,1,0.782264063,0.587543661,0.184880692,0,0.885714286,3.1405324,0,0.434500861,0.986465425,0.0032274755,0.733905583,0.000164055451,0.0127142974,3.24884169,0.985152982,0.00315890874,0.719564502,8.20277254e-05,0.0127963252,0.02,0.00497448262,0.724189734,0.000246083176,0.0314986465,3.39459007,0.0847339563,0.873866964,0.00767045455,0.7,1.73882981,2.16
716,11400,0.0628070175,0.00363917219,0.660599941,0.000175438596,0.0131578947,3.08117153,0.00359734882,0.218678661,0.00279329609,0.00698324022,0.753494815,0.625929825,0.5407066,0,1,0.760017032,0.58654714,0.194939294,0,0.866666667,2.91320787,0,0.449035088,0.987017544,0.00354400854,0.674723386,0.000175438596,0.0128947368,3.06231697,0.985614035,0.00346001141,0.663571623,8.77192982e-05,0.0129824561,0,0.0049648815,0.73800012,0.000263157895,0.0328947368,3.1043231,0.0856863132,0.836624743,0.00802549098,0.7,1.7293153,1.76
765,14007,0.0546155494,0.00332355395,0.574253557,0.00042835725,0.0111372885,3.46056253,0.00324300968,0.224798631,0.00261437908,0.00653594771,0.748359241,0.68486709,0.497601871,0,1,0.762711496,0.649375567,0.199830977,0,0.904761905,3.29038833,0,0.540158492,0.98857714,0.00324583633,0.585288675,0.0002855715,0.0109231099,3.47263952,0.987434854,0.0031719519,0.574230601,0.00042835725,0.0109945027,0,0.00371401975,0.872687813,0.000214178625,0.0270578996,3.25936872,0.101070322,0.766465095,0.00737948183,0.7,1.92859136,2.1
768,8658,0.0887040887,0.00370875272,0.930625761,0.000231000231,0.0177870178,1.9025384,0.00367870876,0.176324411,0.00260416667,0.00651041667,0.605481359,0.473773774,0.588437882,0,1,0.585638254,0.45175391,0.198980939,0,1,1.81205081,0,0.20986371,0.981750982,0.00358429793,0.957452054,0.000231000231,0.0174405174,1.89157399,0.97990298,0.00349991152,0.941660835,0.000115500116,0.0175560176,0,0.00853601616,0.45962736,0.000346500347,0.0435435435,3.19143531,0.0608133221,1.20035049,0.00778914572,0.7,1.23052151,1.82
786,13844,0.0567754984,0.00325653294,0.612076986,0.000144466917,0.0111239526,3.41720013,0.00318387808,0.223965186,0.00254452926,0.00636132316,0.752888961,0.672729462,0.506204264,0,1,0.760578931,0.637737183,0.195554754,0,0.897435897,3.3001626,0,0.5194308,0.988153713,0.003178178,0.624186781,0.000144466917,0.0109072522,3.43169998,0.986997977,0.0031109359,0.612675121,7.22334585e-05,0.0109794857,0,0.00391785639,0.840625605,0.000216700376,0.0270153135,3.25274868,0.0974474144,0.78979114,0.00760391545,0.7,1.89504605,2.38
754,13804,0.0546218487,0.00336799985,0.570948144,0.00014488554,0.0108664155,3.51256933,0.00330191072,0.224374984,0.00265251989,0.00663129973,0.749147537,0.681633343,0.498385449,0,1,0.755132839,0.643826986,0.198435028,0,0.904761905,3.21270698,0,0.531585048,0.988626485,0.00328927478,0.581766008,0.00014488554,0.0106490872,3.51801888,0.987467401,0.00322026764,0.569632685,7.24427702e-05,0.0107939728,0,0.00379048241,0.855232056,0.000217328311,0.0284700087,3.21766038,0.0977762066,0.761802637,0.00760391545,0.7,1.84021704,2.04
811,12011,0.0675214387,0.00327729884,0.759583948,0.000166514029,0.0129880942,3.17698046,0.00320729426,0.216184769,0.00246609125,0.00616522811,0.753713594,0.600527294,0.565203817,0,1,0.785249728,0.579704479,0.183179757,0,0.904761905,3.19808065,0,0.425027059,0.985929565,0.00318720886,0.777345243,0.000166514029,0.0127383232,3.18193967,0.984597452,0.00312560708,0.763209106,8.32570144e-05,0.0129048372,0.02,0.0051261533,0.721819082,0.000249771043,0.0323037216,3.4697888,0.0856697557,0.892751866,0.00737948183,0.7,1.79305806,2.16
740,12556,0.0589359669,0.0034962258,0.609305814,0.000477859191,0.011627907,3.47385902,0.00340905177,0.222687257,0.0027027027,0.00675675676,0.756484573,0.660263354,0.515628415,0,1,0.761304679,0.620917542,0.195601438,0,0.911111111,3.3095011,0,0.5,0.987655304,0.00340928197,0.621903521,0.000318572794,0.0113889774,3.46804251,0.986381013,0.00333328909,0.608616052,0.000477859191,0.0115482638,0,0.00424906232,0.806167028,0.000238929595,0.0304237018,3.36787941,0.0943887574,0.793335063,0.00856072766,0.7,1.90392589,1.84
756,13219,0.0571904077,0.00338400436,0.612247924,0.000151297375,0.0110447084,3.45821604,0.00332624077,0.223297973,0.00264550265,0.00661375661,0.753379449,0.660887107,0.518252554,0,1,0.775224326,0.624550867,0.199257567,0,0.882352941,3.28496638,0,0.507678342,0.988123156,0.00330193267,0.624381546,0.000151297375,0.0108177623,3.44812194,0.986912777,0.00322363322,0.613526273,7.56486875e-05,0.010893411,0.02,0.0040837129,0.819742253,0.000226946062,0.029049096,3.16578207,0.0946398077,0.791756385,0.0074900179,0.7,1.80467452,2.02
815,13601,0.0599220646,0.00317956643,0.67072784,0.000441144034,0.0122049849,3.34660697,0.00310767478,0.22214736,0.00245398773,0.00613496933,0.756872958,0.655976276,0.517341148,0,1,0.753985069,0.621689464,0.188124709,0,0.904761905,3.13913325,0,0.490405117,0.987500919,0.00309993855,0.684791289,0.000294096022,0.0119844129,3.34078126,0.986324535,0.00303196352,0.672025607,0.000441144034,0.0121314609,0,0.00423912571,0.808893567,0.000220572017,0.0298507463,3.36596128,0.093848986,0.827522672,0.00687237352,0.7,1.92052901,2.3
789,10953,0.0720350589,0.0034105762,0.799481756,0.000182598375,0.0138774765,3.23545011,0.00336753986,0.209146332,0.00253485425,0.00633713561,0.734842606,0.579500289,0.565076729,0,1,0.720280492,0.542426028,0.18909634,0,0.878787879,3.03849094,0,0.371313795,0.985118232,0.00331211859,0.818989186,0.000182598375,0.0136035789,3.22194147,0.983657445,0.00323231982,0.805627353,9.12991874e-05,0.0136948781,0.02,0.00587682358,0.652389831,0.000273897562,0.0336894002,3.29828901,0.0783993663,0.94403276,0.00696814223,0.7,1.62157834,2.08
753,8475,0.0888495575,0.0037819798,0.914199669,0.000235988201,0.0169911504,1.9212125,0.00375073942,0.176643234,0.0026560425,0.00664010624,0.606997624,0.474210423,0.5888435,0,1,0.587732614,0.453388023,0.197125567,0,1,1.83765565,0,0.210855457,0.981710914,0.00365465373,0.940502679,0.000235988201,0.0166371681,1.90181492,0.979823009,0.00356038498,0.924638198,0.0001179941,0.0167551622,0,0.00854803561,0.456302149,0.000353982301,0.0415339233,3.1126719,0.0616914366,1.18507591,0.00804790111,0.7,1.26585919,1.72
788,8902,0.0885194338,0.00361540991,0.944158698,0.000224668614,0.0170748146,1.87263845,0.00358685723,0.175918548,0.00253807107,0.00634517766,0.603546964,0.473219501,0.587917626,0,1,0.582965692,0.453462346,0.19679839,0,1,1.78970403,0,0.208604808,0.981801842,0.0034945894,0.971345644,0.000224668614,0.0167378117,1.85733071,0.980004493,0.00340598769,0.954959339,0.000112334307,0.0167378117,0,0.00846492381,0.455974537,0.000337002921,0.0416760279,3.04265318,0.0602014538,1.20731145,0.00781091499,0.7,1.2237013,1.96
783,9966,0.0785671282,0.00351597507,0.858866853,0.00020068232,0.015051174,2.84917178,0.00346747268,0.199869139,0.00255427842,0.00638569604,0.705954365,0.543273798,0.581021813,0,1,0.687703953,0.507984499,0.189854735,0,0.902439024,2.81815013,0,0.31577363,0.983744732,0.00340756497,0.881567413,0.00020068232,0.0147501505,2.856703,0.982139274,0.00332960861,0.86795611,0.00010034116,0.0149508328,0,0.0067628492,0.587473785,0.00030102348,0.0393337347,3.39348831,0.0730711696,1.0262359,0.007167916,0.7,1.59693411,1.88
791,11806,0.0669998306,0.00335106385,0.758623857,0.000169405387,0.0128748094,2.59344596,0.0033163621,0.213240329,0.00252844501,0.00632111252,0.743973587,0.598560054,0.555822133,0,1,0.738487327,0.563523857,0.184543551,0,0.875,2.50572886,0,0.403184821,0.986193461,0.00325986223,0.775921755,0.000169405387,0.0126207013,2.59855253,0.984838218,0.0031741847,0.762320616,8.47026935e-05,0.012705404,0.02,0.00534035918,0.687796675,0.000254108081,0.0314246993,3.13108379,0.079715958,0.900559822,0.00795582993,0.7,1.62284245,2.28
746,12967,0.0575306547,0.00343368475,0.605905444,0.00015423768,0.0109508753,3.44934965,0.00337431107,0.223161199,0.00268096515,0.00670241287,0.753852014,0.65861546,0.520466657,0,1,0.777543159,0.623503022,0.19869369,0,0.894736842,3.27664936,0,0.505205522,0.98804658,0.00334992863,0.617943275,0.00015423768,0.0107195188,3.4543795,0.986812678,0.00327702394,0.605813182,7.71188401e-05,0.0107966376,0.02,0.00413661961,0.814685293,0.00023135652,0.0273000694,3.1498571,0.0941455144,0.787698231,0.00784242753,0.7,1.81178783,1.94
732,11075,0.0660948081,0.00360516216,0.68284949,0.000180586907,0.0128216704,3.14498015,0.00352428178,0.218665858,0.00273224044,0.00683060109,0.757746566,0.62648006,0.538628465,0,1,0.752155127,0.585152802,0.19258731,0,0.888888889,3.05283318,0,0.445778781,0.986185102,0.00350664871,0.698460218,0.000180586907,0.0125507901,3.15520196,0.984740406,0.00343760077,0.68657981,9.02934537e-05,0.012731377,0.02,0.00504413882,0.738785584,0.000270880361,0.0358465011,3.46716537,0.0896646275,0.8535214,0.00822963332,0.7,1.90773412,1.7
726,12338,0.0588426001,0.00354867828,0.597685067,0.000162100827,0.0119954612,3.4484783,0.00346317476,0.223556301,0.00275482094,0.00688705234,0.755957742,0.66009618,0.520014194,0,1,0.780440683,0.624840145,0.199373395,0,0.894736842,3.22143258,0,0.508429243,0.987680337,0.00346017627,0.609962328,0.000162100827,0.0117523099,3.45722321,0.986383531,0.00338107474,0.599460768,8.10504134e-05,0.0119144108,0.02,0.00422791749,0.821422225,0.00024315124,0.0292591992,3.35855716,0.0973880957,0.792182852,0.00796738352,0.7,2.02571366,1.72
741,13249,0.0559287493,0.00344415269,0.576031907,0.000150954789,0.0113216092,3.39961116,0.00336256376,0.224491129,0.00269905533,0.00674763833,0.751158379,0.674662239,0.508281717,0,1,0.776412661,0.641456883,0.197728796,0,0.897435897,3.16548349,0,0.529926787,0.988301004,0.00336188024,0.587278571,0.000150954789,0.011095177,3.40200748,0.987093366,0.00328305758,0.576537574,7.54773945e-05,0.0111706544,0,0.00389049537,0.853809306,0.000226432184,0.0274737716,3.25785169,0.100145846,0.772693792,0.00784242753,0.7,1.95470266,1.9
1075,22894,0.0469555342,0.00236407444,0.602137591,8.73591334e-05,0.00755656504,3.42476579,0.00234146857,0.23178736,0.00186046512,0.00558139535,0.739133902,0.65992691,0.51714681,0,1,0.767513773,0.63255074,0.199342955,0,0.9,3.02271182,0,0.506115139,0.991657203,0.00231637176,0.611953943,8.73591334e-05,0.00742552634,3.4046248,0.990696252,0.00227601742,0.600299653,4.36795667e-05,0.00746920591,0,0.00282713296,0.827659723,0.0001310387,0.0221455403,3.02003373,0.079139621,0.795857998,0.00583174145,0.7,1.63857706,4.88
1151,24626,0.0467392187,0.00221034593,0.622763112,8.1214976e-05,0.00743117031,3.52330866,0.00217622267,0.232497186,0.00173761946,0.00521285838,0.739024649,0.672150031,0.504695767,0,1,0.751564404,0.644967499,0.195355242,0,0.911111111,3.18913845,0,0.51811094,0.991675465,0.00216607946,0.632979533,8.1214976e-05,0.00730934784,3.52171003,0.9907821,0.00213045823,0.622035306,4.0607488e-05,0.00739056282,0.02,0.00268248521,0.853546083,0.000121822464,0.021887436,3.20476225,0.0827101821,0.805138857,0.00475027747,0.7,1.84363769,5.76
1104,23728,0.0465273095,0.00229999055,0.601002466,8.42886042e-05,0.00729096426,3.38520562,0.00227659397,0.231857995,0.0018115942,0.00543478261,0.738663441,0.665558272,0.510403782,0,1,0.755448231,0.637400056,0.199751177,0,0.918367347,3.13484022,0,0.509608901,0.991739717,0.00225402548,0.610691331,8.42886042e-05,0.00716453136,3.36478881,0.990812542,0.00221435117,0.599447047,4.21443021e-05,0.00724881996,0.02,0.0027610983,0.832331866,0.000126432906,0.0214514498,2.94404585,0.0795646931,0.799782218,0.00566277592,0.7,1.66073818,5.56
1051,22369,0.0469846663,0.00242931913,0.59282854,8.94094506e-05,0.00764450802,3.52547862,0.00237960148,0.232638532,0.00190294957,0.00570884872,0.739882471,0.669737881,0.510252934,0,1,0.76948494,0.637093236,0.200552484,0,0.918367347,3.23761597,0,0.521972372,0.991550807,0.00238009175,0.602881555,8.94094506e-05,0.00751039385,3.51591694,0.990567303,0.00234430188,0.590567767,4.47047253e-05,0.0075998033,0,0.00275347053,0.854842961,0.000134114176,0.0268228352,3.36093762,0.0833649382,0.782368012,0.0056174559,0.7,1.86311319,4.58
1116,23324,0.0478477105,0.00229100227,0.628953555,8.57485851e-05,0.00767449837,3.60833878,0.00225647094,0.23188733,0.0017921147,0.00537634409,0.740785831,0.658936432,0.518306077,0,1,0.769382813,0.633115866,0.195220241,0,0.913043478,3.35046146,0,0.505273538,0.991468016,0.00224414512,0.639584437,8.57485851e-05,0.00754587549,3.59322065,0.990524781,0.00220544892,0.628881925,4.28742926e-05,0.00763162408,0.02,0.00281211536,0.83376304,0.000128622878,0.0225947522,3.32751989,0.0810857953,0.813598568,0.00505012531,0.7,1.85414239,5.28
1095,23033,0.0475404854,0.00232769891,0.61858174,8.68319368e-05,0.00785829028,3.54445092,0.00229791403,0.232045069,0.00182648402,0.00547945205,0.740119192,0.665597187,0.50925093,0,1,0.749948295,0.6329933,0.197752769,0,0.913043478,3.22284959,0,0.507185343,0.991533886,0.00228026294,0.628892593,8.68319368e-05,0.00772804237,3.52990524,0.990578735,0.00223809317,0.618786981,4.34159684e-05,0.00781487431,0.02,0.00282386823,0.835492467,0.000130247905,0.0231407112,3.25679401,0.0809077674,0.806389941,0.00480736447,0.7,1.80590993,5.06
1080,16557,0.0652292082,0.00253640867,0.83422627,0.00012079483,0.0109319321,2.98337086,0.00251057514,0.212201692,0.00185185185,0.00555555556,0.691526433,0.525499789,0.604505287,0,1,0.738168545,0.516154613,0.198049652,0,0.9,2.79029552,0,0.320770671,0.988403696,0.00247041262,0.852634236,0.00012079483,0.0107507399,2.95532506,0.987074953,0.00242539732,0.840537043,6.0397415e-05,0.0108715347,0.02,0.00473848125,0.599933374,0.000181192245,0.0321918222,3.51481609,0.0626251243,1.03950472,0.005,0.7,1.65519577,4.38
1090,21134,0.0515756601,0.00238128931,0.670911959,9.46342387e-05,0.00837513012,3.42139656,0.00234063464,0.230328653,0.00183486239,0.00550458716,0.743514685,0.645060093,0.523549648,0,1,0.745148659,0.608551876,0.195974897,0,0.911111111,3.20487813,0,0.473975584,0.990773162,0.00232941736,0.683123649,9.46342387e-05,0.00823317876,3.43097002,0.989732185,0.00228837971,0.672786249,4.73171193e-05,0.00828049588,0,0.0031556493,0.790443576,0.000141951358,0.0245575849,3.44244536,0.0790429329,0.846646327,0.00511469511,0.7,1.90173066,4.8
1082,22716,0.0476316253,0.00235451112,0.616236665,8.80436697e-05,0.00743969009,3.28491548,0.00233417439,0.231394118,0.00184842884,0.00554528651,0.739668207,0.654444738,0.521340958,0,1,0.76803747,0.627937784,0.198086161,0,0.888888889,3.04859603,0,0.497974996,0.991547808,0.0023064649,0.626429747,8.80436697e-05,0.00730762458,3.27479758,0.990579327,0.00226691917,0.614710185,4.40218348e-05,0.00739566825,0,0.0028880153,0.816346352,0.000132065504,0.0218788519,2.93763541,0.0780585761,0.802012824,0.00598018582,0.7,1.63474539,5.06
1091,21705,0.0502649159,0.00236400066,0.643851148,9.21446671e-05,0.00797051371,3.45126444,0.00232566045,0.231243322,0.00183318057,0.0054995417,0.743086039,0.652662213,0.518939763,0,1,0.750300359,0.621071039,0.195446674,0,0.918367347,3.17942154,0,0.487353144,0.991015895,0.00231354458,0.655194934,9.21446671e-05,0.00783229671,3.44138145,0.990002304,0.00227636867,0.645783326,4.60723336e-05,0.00792444137,0,0.00303204988,0.804680298,0.000138217001,0.0234508178,3.35286041,0.0797834662,0.833347656,0.00524891775,0.7,1.87432317,5.12
1132,15268,0.0741419963,0.00251316456,0.953101687,0.000130992926,0.0126408174,1.89100076,0.00249702373,0.189704063,0.00176678445,0.00530035336,0.58575887,0.472515501,0.585518824,0,1,0.573568613,0.463620837,0.197474954,0,1,1.80213291,0,0.210112654,0.986900707,0.00244201582,0.976318985,0.000130992926,0.012444328,1.87388445,0.985459785,0.00239504949,0.962207307,6.54964632e-05,0.012444328,0,0.00593329835,0.466100375,0.00019648939,0.0372674876,3.21918189,0.0508145461,1.26056667,0.00505041162,0.7,1.33138237,4.8
1143,16050,0.0712149533,0.00246166356,0.92725943,0.000124610592,0.0116510903,2.3867411,0.00244402471,0.196774702,0.00174978128,0.00524934383,0.622127328,0.493356179,0.588072062,0,1,0.61053891,0.481548728,0.193090601,0,0.966666667,2.32535639,0,0.241744548,0.98741433,0.0023940288,0.949105204,0.000124610592,0.0114641745,2.37261654,0.986043614,0.00234293187,0.935264055,6.2305296e-05,0.011588785,0.02,0.00550942634,0.501807007,0.000186915888,0.0343925234,3.22791562,0.0535675038,1.18526952,0.00485436893,0.7,1.46124471,4.92
1066,18880,0.0564618644,0.00247973996,0.727447768,0.000105932203,0.00916313559,3.24588133,0.00244960767,0.22525524,0.00187617261,0.00562851782,0.735004744,0.606869703,0.549212186,0,1,0.735457605,0.5739679,0.191239146,0,0.909090909,2.99287268,0,0.416525424,0.989936441,0.00242173906,0.741688507,0.000105932203,0.00900423729,3.24654255,0.988771186,0.00237063583,0.731380457,5.29661017e-05,0.00905720339,0.02,0.00372177199,0.711954105,0.000158898305,0.0296610169,3.4668844,0.0722047311,0.908393542,0.00498716538,0.7,1.77464201,4.6
1114,24620,0.045247766,0.00226837324,0.587797232,8.12347685e-05,0.00727051178,3.5611006,0.00223020067,0.233239398,0.00179533214,0.00538599641,0.735569494,0.685067696,0.494517054,0,1,0.749217021,0.653616894,0.199642699,0,0.921568627,3.20922437,0,0.53773355,0.991917141,0.00222393173,0.597265223,8.12347685e-05,0.00714865963,3.55196773,0.991023558,0.00218621029,0.586305325,4.06173842e-05,0.00718927701,0.02,0.00255090701,0.882530855,0.000121852153,0.0230300569,3.2394156,0.0857621197,0.780271569,0.00511469511,0.7,1.90416168,5.32
1122,23074,0.0486261593,0.00228832125,0.636787797,8.66776458e-05,0.00793100459,3.4528511,0.00225404368,0.231233438,0.00178253119,0.00534759358,0.741575634,0.651932912,0.523624341,0,1,0.769880413,0.630465649,0.192270451,0,0.911111111,3.22178935,0,0.49484268,0.991332235,0.0022409783,0.647616218,8.66776458e-05,0.00780098813,3.42399227,0.990378781,0.0022031746,0.634764128,4.33388229e-05,0.00784432695,0.02,0.00290190553,0.815476522,0.000130016469,0.0232729479,3.25935145,0.0791194023,0.819808602,0.00492575586,0.7,1.81283542,5.24
1130,23182,0.0487447157,0.00228175499,0.642752589,8.62738331e-05,0.00798032957,3.49383603,0.00222895701,0.231849225,0.0017699115,0.00530973451,0.742725652,0.658802807,0.518482687,0,1,0.769746185,0.634201494,0.191688183,0,0.933333333,3.12098612,0,0.505003882,0.991243206,0.00223442965,0.653992165,8.62738331e-05,0.00785091882,3.48634728,0.990294194,0.00219434598,0.642524379,4.31369166e-05,0.00789405573,0.02,0.00283913929,0.835988407,0.00012941075,0.0255370546,3.41947334,0.0823529684,0.819826325,0.00511469511,0.7,1.94312849,5.3
1107,15493,0.0714516233,0.00254148504,0.907564592,0.000129090557,0.0116826954,2.43884257,0.00252268837,0.19711687,0.00180668473,0.0054200542,0.623662112,0.471268745,0.613637194,0,1,0.668291882,0.480459316,0.194629115,0,0.966666667,2.36156247,0,0.242754792,0.987349125,0.00247123767,0.9289711,0.000129090557,0.0114890596,2.42425491,0.985929129,0.00241997767,0.91486935,6.45452785e-05,0.0116181501,0,0.00555600991,0.501788541,0.000193635836,0.0344671787,3.25058554,0.0541584231,1.16876819,0.00485436893,0.7,1.40677986,4.48
1123,24677,0.0455079629,0.00225734674,0.584194084,8.10471289e-05,0.00725371804,3.62598053,0.00221403724,0.233094133,0.0017809439,0.0053428317,0.736411527,0.683458281,0.496104601,0,1,0.751068514,0.65564798,0.198380463,0,0.916666667,3.23840582,0,0.535883616,0.991854764,0.00221299185,0.593609129,8.10471289e-05,0.00713214734,3.63860582,0.990963245,0.00217412607,0.582905814,4.05235645e-05,0.00721319447,0,0.00256503637,0.876654717,0.000121570693,0.0213559185,3.23576229,0.0852803481,0.783447263,0.00524891775,0.7,1.90777671,5.48
1090,15342,0.0710467996,0.00257499317,0.896436616,0.0001303611,0.0112762352,2.4313767,0.0025577685,0.198131079,0.00183486239,0.00550458716,0.628106967,0.49656933,0.588576942,0,1,0.618111139,0.478589023,0.198314594,0,0.966666667,2.32448127,0,0.247229827,0.987420154,0.00250396927,0.917485225,0.0001303611,0.0110806935,2.40806205,0.985986182,0.00244890917,0.903213799,6.51805501e-05,0.0110806935,0,0.00551244259,0.506170528,0.00019554165,0.0331769,3.23405203,0.0548957172,1.15245523,0.00485436893,0.7,1.39841657,4.36
1108,23831,0.0464940624,0.00230959518,0.590528959,0.000293735051,0.00793084638,3.46531639,0.00224736097,0.232876017,0.00180505415,0.00541516245,0.738839638,0.678627278,0.50189342,0,1,0.76147328,0.65315498,0.19495788,0.00680272109,0.92,3.14095389,0,0.532457723,0.99160757,0.00226349922,0.600391587,0.000209810751,0.00780495993,3.46553045,0.990684403,0.00222957071,0.588959646,0.000251772901,0.00784692208,0.02,0.00263554913,0.87341676,0.00012588645,0.0238764634,3.38671867,0.0854129278,0.78788403,0.00517855985,0.7,1.91889686,5.46
1061,21650,0.0490069284,0.00242681481,0.614491682,9.23787529e-05,0.00780600462,3.56502054,0.00237346353,0.232118376,0.00188501414,0.00565504241,0.74296074,0.665267129,0.509149618,0,1,0.748340372,0.629223656,0.197464236,0,0.925925926,3.22967354,0,0.505635104,0.991177829,0.00237594407,0.625251519,9.23787529e-05,0.00766743649,3.56841822,0.990161663,0.00233876073,0.614701378,4.61893764e-05,0.00775981524,0,0.00290845863,0.831531252,0.000138568129,0.0242494226,3.37320918,0.0827287859,0.808137926,0.00532319392,0.7,1.91937093,4.56
1103,19397,0.0568644636,0.0024044594,0.745959334,0.000103108728,0.00943444863,3.41911736,0.00236617237,0.225441877,0.00181323663,0.00543970988,0.736459215,0.5953687,0.566525575,0,1,0.776137807,0.575864617,0.191933933,0,0.913043478,3.13579392,0,0.418002784,0.98984379,0.00234805397,0.760714833,0.000103108728,0.00927978553,3.40654699,0.988709594,0.00230234941,0.750541349,5.15543641e-05,0.00938289426,0,0.00369460628,0.720857277,0.000154663092,0.0277878022,3.51134449,0.073336367,0.920294638,0.00492575586,0.7,1.85319002,4.78
1104,19817,0.0557097442,0.00239959518,0.722621847,0.00010092345,0.00893172529,3.41751268,0.00235126955,0.226565274,0.0018115942,0.00543478261,0.740093614,0.617299961,0.542245233,0,1,0.737566201,0.585428829,0.189674521,0,0.927272727,3.26691924,0,0.431397285,0.990008578,0.00234422746,0.736790068,0.00010092345,0.00878034011,3.41298628,0.988898421,0.00230142844,0.723977993,5.04617248e-05,0.00883080184,0,0.00354091733,0.732239245,0.000151385174,0.0261896352,3.51207144,0.0741619137,0.900146121,0.00558659218,0.7,1.87958718,4.68
1090,18930,0.05758056,0.00244907038,0.75920772,0.000105652404,0.00945589012,3.34401047,0.00239506245,0.225267258,0.00183486239,0.00550458716,0.738026725,0.594543053,0.567492995,0,1,0.777704419,0.571659332,0.190765152,0,0.93442623,3.12361139,0,0.417432647,0.989646064,0.00239098142,0.774708538,0.000105652404,0.00929741152,3.33479501,0.988483888,0.00235389385,0.763139556,5.28262018e-05,0.00940306392,0.02,0.00373229255,0.722636094,0.000158478605,0.0385631273,3.60852535,0.07316326,0.911255214,0.00432884208,0.7,1.86174504,4.58
1066,14300,0.0745454545,0.00266745542,0.912929197,0.00013986014,0.0116783217,1.90773758,0.0026492738,0.190584881,0.00187617261,0.00562851782,0.589974135,0.473731935,0.586613635,0,1,0.579351722,0.457597208,0.204456165,0,1,1.83536594,0,0.212797203,0.986783217,0.00259111399,0.935184212,0.00013986014,0.0114685315,1.88895099,0.985244755,0.00253308129,0.920796808,6.99300699e-05,0.0115384615,0,0.00598099663,0.46334312,0.00020979021,0.0344055944,2.98327926,0.0526828918,1.2250907,0.00603546769,0.7,1.17494445,4.1
1507,37037,0.0406890407,0.00169385517,0.618430329,5.4000054e-05,0.00556200556,3.58292538,0.00166626179,0.23908122,0.00132714001,0.00464499005,0.731551195,0.669155555,0.505198993,0,1,0.74297841,0.641801239,0.196890971,0,0.9375,3.21670012,0,0.511866512,0.993573994,0.00166404758,0.627534583,5.4000054e-05,0.00548100548,3.58516596,0.992790993,0.001635662,0.617699796,2.7000027e-05,0.00550800551,0.02,0.00202940446,0.850063874,8.1000081e-05,0.0191160191,3.29580602,0.0720795869,0.822776677,0.00389076112,0.7,1.64388036,11
1496,36023,0.0415290231,0.00170887277,0.634065475,5.55200844e-05,0.00599616911,3.61296294,0.00168410304,0.239083924,0.0013368984,0.00467914439,0.732365642,0.664339846,0.508608688,0,1,0.7419915,0.636739208,0.196088683,0,0.924528302,3.17369776,0,0.504011326,0.99344863,0.00167824814,0.643550465,5.55200844e-05,0.00591288899,3.60616099,0.992643589,0.00165425729,0.634102228,2.77600422e-05,0.00596840907,0.02,0.00210623069,0.844209253,8.32801266e-05,0.0206812314,3.38448667,0.0714119863,0.828526919,0.00348411233,0.7,1.76470099,10.84
1521,32352,0.047014095,0.00172451815,0.733480236,6.18199802e-05,0.00680019782,3.47745623,0.00170433743,0.234766731,0.00131492439,0.00460223537,0.728470511,0.619081178,0.5398105,0,1,0.731641388,0.594562326,0.190341542,0,0.909090909,3.15601502,0,0.434285361,0.992612512,0.00169052128,0.74564933,6.18199802e-05,0.00670746785,3.46234572,0.991716123,0.00166988032,0.735408562,3.09099901e-05,0.00673837784,0,0.00257333311,0.74869844,9.27299703e-05,0.0233988625,3.47751994,0.064302104,0.914714444,0.00331107942,0.7,1.70698779,10.9
1481,35459,0.0417665473,0.00173431968,0.627217114,5.64031699e-05,0.00592233284,3.51522959,0.00170009284,0.239066008,0.00135043889,0.00472653612,0.733196199,0.665346295,0.507934943,0,1,0.742460224,0.637373537,0.195980198,0,0.93442623,3.16309485,0,0.505626216,0.993372628,0.00170308399,0.636750609,5.64031699e-05,0.00583772808,3.52217429,0.992554782,0.00167711908,0.62613012,2.82015849e-05,0.00589413125,0.02,0.00210786944,0.842586934,8.46047548e-05,0.0223074537,3.44696691,0.0721068332,0.827862162,0.00393670809,0.7,1.80840648,10.4
1522,36491,0.0417089145,0.00167845963,0.641234052,5.48080349e-05,0.00575484366,3.53588136,0.00165974358,0.238771449,0.00131406045,0.00459921156,0.732067807,0.659902833,0.511993277,0,1,0.742317149,0.636241756,0.194033391,0,0.92,3.1922172,0,0.497465128,0.99345044,0.0016483225,0.650733535,5.48080349e-05,0.00567263161,3.51991393,0.992655723,0.00162505459,0.64155751,2.74040174e-05,0.00572743964,0.02,0.00212132223,0.831019872,8.22120523e-05,0.0198405086,3.28306832,0.0702328774,0.835926161,0.00341277352,0.7,1.65268138,11.24
1492,34561,0.0431700472,0.00172825725,0.659277432,5.78686959e-05,0.00607621307,3.51670203,0.00170644778,0.237615117,0.00134048257,0.00469168901,0.732834667,0.647768128,0.520538845,0,1,0.739963023,0.621503323,0.194288036,0,0.927272727,3.16799261,0,0.478371575,0.993200428,0.00169635478,0.669423353,5.78686959e-05,0.00598941003,3.49754412,0.992361332,0.00167359256,0.659226536,2.8934348e-05,0.00604727872,0.02,0.0022618253,0.803668135,8.68030439e-05,0.0225977258,3.36953116,0.0680669156,0.85631407,0.00393670809,0.7,1.66005433,10.64
1463,30516,0.0479420632,0.00180096969,0.724963705,6.55393892e-05,0.00642286014,3.54596155,0.00177677598,0.23431943,0.001367054,0.004784689,0.727895335,0.603503548,0.558749461,0,1,0.768533033,0.586917079,0.192458667,0,0.916666667,3.17898798,0,0.427644514,0.992430201,0.0017647685,0.737247665,6.55393892e-05,0.00632455106,3.53628371,0.991479879,0.00173949811,0.726541348,3.27696946e-05,0.00635732075,0.02,0.00265354417,0.735840121,9.83090838e-05,0.0257242103,3.41891759,0.0645105082,0.916170497,0.00380201116,0.7,1.75032825,9.48
1577,28667,0.0550109882,0.00173218722,0.864649873,6.97666306e-05,0.00746502948,3.17366084,0.00171279954,0.222320971,0.00126823082,0.00443880786,0.685513348,0.536267518,0.59450595,0,1,0.726624397,0.534527362,0.187463982,0,0.923076923,3.05602114,0,0.330031046,0.991383821,0.00169394543,0.881018736,6.97666306e-05,0.00736037953,3.17197721,0.990372205,0.00166736874,0.868948016,3.48833153e-05,0.00739526285,0,0.00331154332,0.614992327,0.000104649946,0.0256741201,3.54464477,0.0544233522,1.07068743,0.003448074,0.7,1.42592152,11.06
1532,39018,0.0392639295,0.00165038449,0.603202724,5.12583936e-05,0.00533087293,3.66774652,0.0016279726,0.239651045,0.00130548303,0.0045691906,0.728505532,0.67711093,0.501015831,0,1,0.751975919,0.654343596,0.197805291,0,0.925925926,3.24037568,0,0.528115229,0.993823364,0.0016221754,0.611717086,5.12583936e-05,0.00525398534,3.68067213,0.993080117,0.00159693658,0.602415793,2.56291968e-05,0.00527961454,0.02,0.00191611516,0.876442241,7.68875903e-05,0.0203752114,3.19332101,0.0735677334,0.804280529,0.00355849708,0.7,1.64643001,12.12
1522,37784,0.0402816007,0.0016663166,0.620476049,5.29324582e-05,0.00539911073,3.6716174,0.00164770535,0.239423864,0.00131406045,0.00459921156,0.730295294,0.671197181,0.503608928,0,1,0.742625864,0.645966228,0.1958981,0,0.923076923,3.19964882,0,0.514979886,0.993674571,0.00163721079,0.629409271,5.29324582e-05,0.00531971205,3.65119353,0.992907051,0.00161280343,0.620647768,2.64662291e-05,0.00537264451,0.02,0.00200318058,0.856795136,7.93986873e-05,0.0201408003,3.21260966,0.0722175508,0.819021853,0.00355849708,0.7,1.6149425,11.38
1486,36539,0.0406688744,0.00172087006,0.603595075,5.47360355e-05,0.00558307562,3.72590641,0.00168479064,0.239456667,0.00134589502,0.00471063257,0.731579074,0.673431519,0.502379964,0,1,0.745071514,0.647049387,0.197468515,0,0.942857143,3.20876344,0,0.519226032,0.993541148,0.00169054487,0.612546349,5.47360355e-05,0.00550097156,3.72404513,0.992747475,0.00166681211,0.602201123,2.73680177e-05,0.00552833958,0,0.00201369109,0.859596415,8.21040532e-05,0.0213744219,3.36290887,0.0732621351,0.811562757,0.00413188508,0.7,1.73938881,10.76
1450,27762,0.0522296665,0.00185469021,0.785972306,7.20409192e-05,0.0074922556,3.0468565,0.00183920467,0.226905214,0.00137931034,0.00482758621,0.703527397,0.571879342,0.566544042,0,1,0.703844684,0.546210633,0.195966747,0,0.913043478,2.82012454,0,0.362762049,0.991787335,0.00181498498,0.800177613,7.20409192e-05,0.00738419422,3.03407044,0.990742742,0.00178375221,0.789552608,3.60204596e-05,0.00745623514,0,0.00313634898,0.657338583,0.000108061379,0.0258266695,3.44219676,0.0578781411,1.00448227,0.00380228137,0.7,1.60086978,9.3
1468,33429,0.0439139669,0.00176139462,0.665543572,5.98282928e-05,0.00598282928,3.58200941,0.00173544842,0.237896947,0.00136239782,0.00476839237,0.733700433,0.647207942,0.520802858,0,1,0.739254438,0.614785513,0.197614738,0,0.924528302,3.16611836,0,0.477130635,0.993059918,0.0017283338,0.676036584,5.98282928e-05,0.00589308684,3.57266956,0.992192408,0.00170160774,0.66661038,2.99141464e-05,0.00595291513,0.02,0.00229606488,0.803473368,8.97424392e-05,0.0206108469,3.47396569,0.0695380006,0.862166894,0.00384587423,0.7,1.7761493,10.32
1382,30004,0.0460605253,0.00189267321,0.672087071,6.6657779e-05,0.00653246234,3.61419121,0.00186055752,0.236447665,0.001447178,0.00506512301,0.733213623,0.621200983,0.547509027,0,1,0.775762598,0.595019114,0.201049815,0,0.924528302,3.29212011,0,0.454639381,0.992667644,0.00185558654,0.683267526,6.6657779e-05,0.00643247567,3.60396854,0.991701107,0.00182380497,0.673185411,3.33288895e-05,0.00649913345,0.02,0.0025178663,0.771446509,9.99866684e-05,0.0248300227,3.49077558,0.0676510652,0.876221959,0.00414937759,0.7,1.82506132,8.46
1539,31412,0.048994015,0.00172449852,0.772384642,6.36699351e-05,0.00662167325,3.27138582,0.00170878687,0.230732849,0.00129954516,0.00454840806,0.717637676,0.583986405,0.569967085,0,1,0.75684997,0.572304635,0.189027482,0,0.913043478,2.9414481,0,0.397937094,0.992327773,0.00168957197,0.785592988,6.36699351e-05,0.00652616834,3.27012445,0.991404559,0.00166277127,0.774972537,3.18349675e-05,0.00655800331,0.02,0.00278365232,0.697492399,9.55049026e-05,0.0251496243,3.28257157,0.0598310609,0.965800109,0.00398670822,0.7,1.40581009,10.98
1508,32414,0.0465231073,0.00173523246,0.722375627,6.17017338e-05,0.00629357685,3.10749882,0.0017233728,0.233740069,0.00132625995,0.00464190981,0.725426905,0.613773296,0.543791731,0,1,0.732715155,0.590882838,0.190666551,0,0.897435897,2.83525317,0,0.427562164,0.992719195,0.00170137276,0.734111425,6.17017338e-05,0.00620102425,3.08823053,0.99182452,0.00167254152,0.724641353,3.08508669e-05,0.00626272598,0,0.00258461623,0.732300445,9.25526007e-05,0.0216881594,3.22220347,0.0623482435,0.919374494,0.0041808323,0.7,1.45031007,10.74
1492,26444,0.0564211163,0.0018399324,0.850566504,7.56315232e-05,0.00756315232,2.78680497,0.00182506672,0.21911661,0.00134048257,0.00469168901,0.670556046,0.520137433,0.601621319,0,1,0.716095698,0.519396014,0.192069928,0,0.916666667,2.59142835,0,0.308992588,0.991151112,0.00179835807,0.866912207,7.56315232e-05,0.00744970504,2.75555207,0.990054455,0.00177207369,0.855706999,3.78157616e-05,0.0074875208,0.02,0.00352319515,0.585947572,0.000113447285,0.0287399788,3.40740531,0.0525684202,1.09353674,0.0037037037,0.7,1.39485972,9.6
1476,32630,0.0452344468,0.00176578629,0.685604481,6.12932884e-05,0.0063132087,3.31617611,0.00174106576,0.236223353,0.00135501355,0.00474254743,0.73201698,0.63214366,0.532021226,0,1,0.740238878,0.605512994,0.193709756,0,0.923076923,3.09128329,0,0.455715599,0.992859332,0.00173193587,0.69664558,6.12932884e-05,0.00622126877,3.30826912,0.991970579,0.00170708553,0.685593086,3.06466442e-05,0.00625191542,0.02,0.00243374553,0.771079882,9.19399326e-05,0.0237205026,3.41686314,0.0660155617,0.881914157,0.00413188508,0.7,1.68122837,10.28
1422,35626,0.0399146691,0.00177948305,0.582598788,5.61387751e-05,0.00550159996,3.76513372,0.00175583691,0.239958593,0.00140646976,0.00492264416,0.729539477,0.676037565,0.501542625,0,1,0.750833487,0.644357815,0.206672561,0,0.914893617,3.36220455,0,0.525739628,0.993684388,0.00174839049,0.591029463,5.61387751e-05,0.00541739179,3.75358311,0.992870376,0.00172104186,0.583235329,2.80693875e-05,0.00544546118,0.02,0.0020010276,0.8684314,8.42081626e-05,0.0202660978,3.27237601,0.0739075624,0.800932811,0.00380201116,0.7,1.76753519,9.74
1415,30950,0.0457189015,0.00184239813,0.683875108,6.46203554e-05,0.00646203554,3.22357084,0.00181795555,0.236314575,0.00141342756,0.00494699647,0.732078839,0.631045157,0.532462791,0,1,0.738523778,0.594813832,0.199913181,0,0.92,2.88495233,0,0.453408724,0.99276252,0.00180659058,0.695090625,6.46203554e-05,0.00636510501,3.20976875,0.991825525,0.00177499841,0.686466146,3.23101777e-05,0.00639741519,0,0.00249266705,0.771612075,9.69305331e-05,0.0221970921,3.42619176,0.0671411568,0.884404595,0.00375913727,0.7,1.76991678,9.26
1506,34471,0.0436888979,0.0017189391,0.670444374,5.80197847e-05,0.0060920774,3.49072899,0.00168995144,0.237870073,0.00132802125,0.00464807437,0.733885708,0.640930472,0.531284467,0,1,0.767949182,0.620743444,0.193794048,0,0.929824561,3.15872758,0,0.479533521,0.993095646,0.00168690857,0.680976159,5.80197847e-05,0.00600504772,3.49407299,0.992254359,0.00166248848,0.671555112,2.90098924e-05,0.00606306751,0.02,0.00226054312,0.807352557,8.70296771e-05,0.0210031621,3.49332968,0.0694890079,0.861037684,0.00380201116,0.7,1.7625262,10.56
1458,30767,0.0473884357,0.0018061051,0.709457115,6.50047128e-05,0.006565476,3.40345401,0.00177592608,0.235090465,0.00137174211,0.00480109739,0.73048705,0.621006737,0.53873797,0,1,0.733417825,0.591665877,0.195174205,0,0.921568627,3.11582592,0,0.43738421,0.992491956,0.00177010738,0.721424574,6.50047128e-05,0.00646796893,3.39529567,0.991549387,0.00174788685,0.711599532,3.25023564e-05,0.00653297364,0.02,0.00259318879,0.748192346,9.75070693e-05,0.0250268144,3.60250477,0.0656044519,0.907043789,0.00384587423,0.7,1.76051421,9.6
1496,36615,0.040857572,0.00170838519,0.61094346,5.46224225e-05,0.00562610952,3.61699976,0.00167604303,0.239407702,0.0013368984,0.00467914439,0.731775666,0.667254248,0.509910456,0,1,0.759458347,0.645351476,0.196645642,0,0.928571429,3.1327273,0,0.515608357,0.993527243,0.00167816774,0.62001034,5.46224225e-05,0.00554417588,3.60750909,0.992735218,0.00165527178,0.610596392,2.73112113e-05,0.00559879831,0.02,0.00202758015,0.85542984,8.19336338e-05,0.01939096,3.41476582,0.072886832,0.817791477,0.00403193613,0.7,1.74682464,10.64
1536,30052,0.0511114069,0.00174475792,0.796385004,6.65513111e-05,0.00692133635,3.3143885,0.00172567636,0.228757512,0.00130208333,0.00455729167,0.710941144,0.582363269,0.561078232,0,1,0.710589485,0.562222843,0.18796762,0,0.924528302,3.04233684,0,0.378277652,0.991980567,0.00170819416,0.810539369,6.65513111e-05,0.00682150938,3.30543238,0.991015573,0.00168261268,0.799231835,3.32756555e-05,0.00688806069,0.02,0.00295583976,0.67295437,9.98269666e-05,0.025988287,3.43857215,0.0586491428,0.991701911,0.0035209119,0.7,1.43828341,10.78
1523,33386,0.0456179237,0.00171423614,0.709993039,5.99053495e-05,0.00623015635,3.52847449,0.00168887459,0.236196262,0.00131319764,0.00459619173,0.731945181,0.622641655,0.544793219,0,1,0.768184568,0.605466914,0.191322061,0,0.929824561,3.1788975,0,0.453573354,0.992811358,0.00168122625,0.721537962,5.99053495e-05,0.00614029833,3.52141365,0.99194273,0.00165940616,0.711842909,2.99526748e-05,0.00620020368,0,0.00242740654,0.772833521,8.98580243e-05,0.0227041275,3.48211316,0.0664567689,0.893604219,0.00371721949,0.7,1.62837495,10.74
1961,56571,0.034664404,0.00128795109,0.606846429,3.53538032e-05,0.00436619469,3.76747592,0.00127357524,0.245151331,0.00101988781,0.00407955125,0.72296596,0.677003151,0.498597939,0,1,0.739280687,0.653327986,0.200074222,0,0.935483871,3.28987562,0,0.524067102,0.995085821,0.00126834049,0.614568656,3.53538032e-05,0.00431316399,3.74768207,0.994431776,0.00125241486,0.606337355,1.76769016e-05,0.00434851779,0.02,0.00150016528,0.880344829,5.30307048e-05,0.017252656,3.30937441,0.0651243018,0.821913741,0.00257056846,0.7,1.45780037,22.48
1971,52722,0.037384773,0.00130752565,0.656802306,3.7934828e-05,0.00468495125,3.76989812,0.00128423154,0.244195346,0.00101471334,0.00405885337,0.727099977,0.651114877,0.521684981,0,1,0.758382787,0.632677251,0.194872517,0,0.947368421,3.27279577,0,0.491919882,0.994670157,0.00128641042,0.665852578,3.7934828e-05,0.00462804901,3.75758385,0.993968362,0.00126949274,0.656041617,1.8967414e-05,0.00464701643,0.02,0.0016656859,0.833087237,5.69022419e-05,0.0184742612,3.51733449,0.0629691139,0.867565246,0.0029409887,0.7,1.50699863,21.46
1998,58524,0.0341398401,0.00126186507,0.598094437,3.41740141e-05,0.0041179687,3.76025121,0.00124622264,0.245166243,0.001001001,0.004004004,0.721766953,0.681237531,0.495638385,0,1,0.74044946,0.65948341,0.200392924,0,0.936507937,3.19462709,0,0.531252136,0.995164377,0.0012429238,0.605590947,3.41740141e-05,0.00406670768,3.74744479,0.994532158,0.00122739645,0.596845936,1.7087007e-05,0.00408379468,0.02,0.00144702401,0.888408533,5.12610211e-05,0.0163864398,3.30397194,0.0658211159,0.81521731,0.00271724304,0.7,1.45539723,23.14
1981,54407,0.036410756,0.0012893458,0.641482041,3.67599757e-05,0.00428253717,3.76561727,0.00127265411,0.24460952,0.00100959112,0.00403836446,0.725839467,0.662802187,0.508966674,0,1,0.737749827,0.639257685,0.196233239,0,0.938461538,3.18405216,0,0.501479589,0.994835223,0.00126895286,0.650022367,3.67599757e-05,0.00422739721,3.73972323,0.994155164,0.00125204026,0.641272405,1.83799879e-05,0.0042457772,0.02,0.00160157742,0.843933255,5.51399636e-05,0.0168728289,3.34086346,0.0634323326,0.852251869,0.00285289557,0.7,1.46554438,21.92
2007,53342,0.0376251359,0.0012827097,0.674987256,3.74939072e-05,0.00448052192,3.6375876,0.00126755374,0.243425111,0.000996512207,0.00398604883,0.725951319,0.64826488,0.519577271,0,1,0.736718401,0.627093342,0.193170634,0,0.933333333,3.10429963,0,0.479397098,0.994675865,0.00126194806,0.684194984,3.74939072e-05,0.00442428105,3.63005897,0.993982228,0.00124476178,0.674432894,1.87469536e-05,0.00444302801,0.02,0.00169939086,0.811762196,5.62408609e-05,0.019796783,3.38120581,0.0606278104,0.880692687,0.00266652651,0.7,1.43071861,22.28
1921,52577,0.0365368888,0.00132847457,0.632519559,3.80394469e-05,0.00443159556,3.66887948,0.00131337082,0.244643097,0.00104112441,0.00416449766,0.725898864,0.6612095,0.510484018,0,1,0.739630382,0.635707534,0.199084922,0,0.939393939,3.23164824,0,0.499724214,0.994807615,0.00130733041,0.64095971,3.80394469e-05,0.00437453639,3.66285326,0.994103886,0.00129159755,0.632137919,1.90197235e-05,0.00441257584,0.02,0.0016322661,0.841146529,5.70591704e-05,0.0174981456,3.36613723,0.0631109163,0.847172248,0.0026916459,0.7,1.45006877,20.84
2014,52571,0.0383100949,0.00128038505,0.69086762,3.80437884e-05,0.00466036408,3.53648823,0.00126953671,0.242837312,0.000993048659,0.00397219464,0.724796135,0.640392585,0.524886313,0,1,0.734109013,0.62067822,0.191901956,0,0.924528302,3.11817336,0,0.467006525,0.994597782,0.00125936185,0.700383223,3.80437884e-05,0.0046032984,3.51645884,0.993893972,0.00124312272,0.691299834,1.90218942e-05,0.00462232029,0.02,0.00175860923,0.795713223,5.70656826e-05,0.0186224344,3.38695489,0.0593365918,0.89415463,0.00250301289,0.7,1.41035205,22.88
1947,53735,0.0362333675,0.00130934654,0.640422235,3.72196892e-05,0.00422443473,3.75607265,0.00129593146,0.244368756,0.00102722137,0.00410888546,0.725476219,0.656314852,0.517579568,0,1,0.757187311,0.635276942,0.197753597,0,0.9375,3.24580601,0,0.49935796,0.994863683,0.00128869792,0.648906098,3.72196892e-05,0.00416860519,3.73877706,0.994175119,0.00126947934,0.639916103,1.86098446e-05,0.00418721504,0.02,0.00161369708,0.840783386,5.58295338e-05,0.0170838373,3.1924389,0.0627641037,0.84993317,0.00282469229,0.7,1.43691956,21.26
1945,56448,0.0344564909,0.00130051912,0.591952339,3.5430839e-05,0.00412769274,3.75625247,0.00128078384,0.245202828,0.00102827763,0.00411311054,0.722539674,0.681377762,0.494966948,0,1,0.737519083,0.657055646,0.199956664,0,0.945205479,3.17352173,0,0.530240221,0.995092829,0.00128080447,0.599507003,3.5430839e-05,0.00407454649,3.74593207,0.994437358,0.00126573618,0.590716737,1.77154195e-05,0.00410997732,0.04,0.0014739224,0.88556083,5.31462585e-05,0.0164044785,3.34026806,0.065794229,0.811456696,0.00282469229,0.7,1.48613138,21.4
1968,49987,0.0393702363,0.00131538298,0.688844434,4.00104027e-05,0.00462120151,3.45159485,0.00130525807,0.242487443,0.00101626016,0.00406504065,0.72394101,0.632325976,0.530963226,0,1,0.735322309,0.615075061,0.1920962,0,0.92,3.1055389,0,0.455778502,0.994438554,0.00129323583,0.698494262,4.00104027e-05,0.00456118591,3.45097782,0.993698362,0.00127699185,0.690225198,2.00052014e-05,0.00460119631,0.02,0.00184183683,0.775936655,6.00156041e-05,0.0182447436,3.29438489,0.0587751012,0.906454461,0.00259390466,0.7,1.3804069,20.68
1961,48462,0.040464694,0.00133077999,0.723536838,4.12694482e-05,0.0051380463,3.36624112,0.00131602399,0.241752797,0.00101988781,0.00407955125,0.723119585,0.617550766,0.546569961,0,1,0.759586084,0.601500941,0.193452292,0,0.921568627,3.06737664,0,0.444430688,0.994263547,0.00130788801,0.734109565,4.12694482e-05,0.00507614213,3.34837605,0.993500062,0.00129031975,0.725174731,2.06347241e-05,0.00511741158,0.02,0.0019217195,0.767905293,6.19041723e-05,0.0207585325,3.51038861,0.0583696716,0.92314901,0.00252513341,0.7,1.44465932,20.58
2041,56420,0.0361751152,0.00125224639,0.654494121,3.54484225e-05,0.00459057072,3.6116692,0.00123417304,0.244488567,0.000979911808,0.00391964723,0.72566333,0.664287107,0.50772657,0,1,0.736939985,0.644174045,0.192986836,0,0.942028986,3.1874385,0,0.50349167,0.994877703,0.00123261749,0.663176103,3.54484225e-05,0.00453739809,3.61328933,0.994221907,0.00121812067,0.653437304,1.77242113e-05,0.00457284651,0.02,0.00158102792,0.852001965,5.31726338e-05,0.0204182914,3.40492371,0.06313327,0.848731277,0.00261766842,0.7,1.49124231,23.76
1892,52765,0.0358571022,0.00134435382,0.617975726,3.79039136e-05,0.00422628636,3.66857196,0.00133084407,0.24449758,0.00105708245,0.00422832981,0.725198114,0.66371165,0.508992542,0,1,0.741662029,0.635385249,0.202410361,0,0.93220339,3.20299474,0,0.504349474,0.994901924,0.00132326571,0.626120558,3.79039136e-05,0.00416943049,3.65813998,0.994200701,0.00130517429,0.616808988,1.89519568e-05,0.00418838245,0.02,0.00160386246,0.844109109,5.68558704e-05,0.0191225244,3.20832962,0.0628407296,0.839435277,0.00341037781,0.7,1.43161848,19.78
1963,47423,0.0413934167,0.00133542948,0.729826294,4.21736288e-05,0.00520844316,3.50901737,0.00132193809,0.240769601,0.0010188487,0.0040753948,0.720389379,0.607807996,0.553351433,0,1,0.758435888,0.5974052,0.19107591,0,0.925925926,3.10372171,0,0.430782532,0.994137866,0.00131205156,0.740614119,4.21736288e-05,0.00514518272,3.50156888,0.993357653,0.00129505833,0.731686442,2.10868144e-05,0.00516626953,0.02,0.00199302434,0.747520494,6.32604432e-05,0.0205385572,3.49766136,0.0570891497,0.941790334,0.00252513341,0.7,1.40794879,20.28
1988,58085,0.0342257037,0.0012710261,0.60122856,3.44322975e-05,0.00411465955,3.741013,0.00125397301,0.244915155,0.00100603622,0.00402414487,0.722338005,0.679603086,0.49671692,0,1,0.739642805,0.656578853,0.199786501,0,0.943661972,3.13271345,0,0.528346389,0.995145046,0.00125192145,0.608817981,3.44322975e-05,0.0040630111,3.72535885,0.994508049,0.00123455597,0.600257662,1.72161487e-05,0.0040974434,0.02,0.00146105216,0.88302626,5.16484462e-05,0.0162520444,3.27134659,0.0652203853,0.81998736,0.00282469229,0.7,1.45889796,23.02
2005,49138,0.0408034515,0.00130650802,0.725493959,4.07016973e-05,0.00482315113,3.36362273,0.0012898784,0.241218093,0.000997506234,0.00399002494,0.722307308,0.61424448,0.548544319,0,1,0.757598368,0.603415939,0.190025996,0,0.93442623,2.97525956,0,0.439130612,0.994220359,0.00128395541,0.73609353,4.07016973e-05,0.00476209858,3.35962051,0.993467378,0.00126806981,0.727186453,2.03508486e-05,0.00478244943,0.02,0.00192443121,0.756313395,6.10525459e-05,0.0190076926,3.45752482,0.0577364504,0.933501619,0.00271724304,0.7,1.42739036,21.46
1982,49730,0.0398552182,0.00131502547,0.704558292,4.02171727e-05,0.0047255178,3.47762355,0.00129869814,0.24192338,0.00100908174,0.00403632694,0.724048109,0.622221568,0.543093793,0,1,0.75915617,0.609376274,0.191741307,0,0.938461538,3.05915599,0,0.450733963,0.994349487,0.00129271687,0.714675838,4.02171727e-05,0.00466519204,3.4674675,0.99360547,0.00127614476,0.704575339,2.01085864e-05,0.00468530062,0.02,0.00186208745,0.770801916,6.03257591e-05,0.0198672833,3.43269076,0.0583392061,0.914062444,0.00276992608,0.7,1.43523903,21.08
1976,54569,0.0362110356,0.00129326204,0.6241627,3.66508457e-05,0.00423317268,3.67536739,0.00127335722,0.244732221,0.00101214575,0.004048583,0.725840314,0.66248991,0.511813917,0,1,0.751433219,0.644813759,0.196762219,0,0.948051948,3.19461576,0,0.506294783,0.994850556,0.00127289104,0.632433661,3.66508457e-05,0.00417819641,3.65633667,0.994172516,0.00125987282,0.622714091,1.83254229e-05,0.00421484726,0.02,0.00158323473,0.847024256,5.49762686e-05,0.0167127856,3.29866929,0.0636009063,0.845599796,0.00297157454,0.7,1.46161299,21.56
2004,56630,0.0353876037,0.00126630206,0.631601006,3.53169698e-05,0.00411442698,3.64756295,0.00125428113,0.244512036,0.000998003992,0.00399201597,0.724394415,0.665361326,0.508504369,0,1,0.745401701,0.644171076,0.199888496,0,0.933333333,3.14495732,0,0.508440756,0.995002649,0.00124676558,0.639727006,3.53169698e-05,0.00406145153,3.63142246,0.994349285,0.00122938301,0.631299806,1.76584849e-05,0.0040967685,0.02,0.00154952503,0.852477176,5.29754547e-05,0.0176938019,3.12060386,0.0629541106,0.842758205,0.0026916459,0.7,1.42032882,23.2
1938,50678,0.038241446,0.00132925093,0.666966583,3.94648565e-05,0.00443979636,3.64760187,0.0013149454,0.243632393,0.00103199174,0.00412796698,0.72611195,0.639148057,0.531047941,0,1,0.760870319,0.622262902,0.195272309,0,0.929824561,3.07706696,0,0.475413394,0.994573582,0.00130733517,0.676201802,3.94648565e-05,0.00438059908,3.63155458,0.993843482,0.00129102193,0.667605431,1.97324283e-05,0.00442006393,0.02,0.00174985187,0.80543664,5.91972848e-05,0.0175223963,3.28742945,0.0610328274,0.880048196,0.00279704115,0.7,1.42752352,20.22
1947,43264,0.0450027737,0.00137297318,0.797933807,4.62278107e-05,0.00557045118,3.46344841,0.00135904302,0.236319765,0.00102722137,0.00410888546,0.705118851,0.584714279,0.558957312,0,1,0.707819782,0.561962655,0.192518736,0,0.928571429,3.10956507,0,0.381934172,0.993620562,0.00134732706,0.81068246,4.62278107e-05,0.00550110947,3.45360354,0.992765348,0.00133096971,0.800970218,2.31139053e-05,0.00552422337,0.02,0.00227935568,0.689218978,6.9341716e-05,0.024408284,3.60515515,0.0535556395,1.01165115,0.00259390466,0.7,1.33035706,19.22
1974,56496,0.0349405268,0.00128730033,0.610389639,3.54007363e-05,0.00423038799,3.77845933,0.00126619503,0.244896821,0.00101317123,0.0040526849,0.723902119,0.673665603,0.502744938,0,1,0.747828943,0.651318602,0.1998492,0,0.946666667,3.26008523,0,0.522178561,0.995026197,0.00126761095,0.618312003,3.54007363e-05,0.00417728689,3.76842568,0.994371283,0.00125118793,0.609156228,1.77003682e-05,0.00419498726,0.02,0.00150129362,0.873334833,5.31011045e-05,0.0166737468,3.34693328,0.0648844978,0.827429951,0.00310055536,0.7,1.51514583,21.88
1897,55846,0.0339684131,0.00132879582,0.567559438,3.58127708e-05,0.00399312395,3.82421144,0.00130811007,0.245442079,0.00105429626,0.00421718503,0.720901021,0.684962431,0.493992979,0,1,0.746588301,0.661212109,0.203700025,0,0.933333333,3.2109263,0,0.539573112,0.99514737,0.00130881667,0.574754464,3.58127708e-05,0.00393940479,3.81988391,0.994484833,0.00129213859,0.566283509,1.79063854e-05,0.00397521756,0.02,0.00144513245,0.897267334,5.37191563e-05,0.0189449558,3.26473738,0.0670095268,0.800755098,0.00310055536,0.7,1.51758335,20.16
2024,57296,0.0353253281,0.00125749087,0.627250877,3.49064507e-05,0.00448547892,3.66642985,0.00123857538,0.244727376,0.000988142292,0.00395256917,0.724567554,0.66965254,0.505310506,0,1,0.745490792,0.650472988,0.198431396,0,0.938461538,3.19489024,0,0.515027227,0.994990924,0.00123813636,0.635374358,3.49064507e-05,0.00443311924,3.65867597,0.994345155,0.00122368839,0.62590329,1.74532254e-05,0.00445057247,0.02,0.00152784017,0.865739479,5.23596761e-05,0.0176975705,3.33362474,0.0640881436,0.836892695,0.00266652651,0.7,1.44816838,23.56
1956,42925,0.0455678509,0.00137083227,0.803164111,4.65928946e-05,0.00528829354,3.45308529,0.0013576493,0.235277206,0.00102249489,0.00408997955,0.700946952,0.566680145,0.578669896,0,1,0.743449703,0.559723375,0.190565263,0,0.925925926,3.13063405,0,0.37278975,0.993546884,0.0013449968,0.816074439,4.65928946e-05,0.00521840419,3.43595055,0.992684916,0.0013272477,0.805675606,2.32964473e-05,0.00526499709,0.02,0.00232380393,0.673194933,6.98893419e-05,0.026301689,3.46103897,0.0524693896,1.01799899,0.00271724304,0.7,1.32557294,19.08
